Workbook
Name ACT_NAME_SIGN1: 'Examens accrédités et ajouts'!$C$8
Name ACT_NAME_SIGN2: 'Examens accrédités et ajouts'!$E$8
Name ACT_PARTICIPANTS_DATE_SIGN1: 'Examens accrédités et ajouts'!$C$10
Name ACT_PARTICIPANTS_DATE_SIGN2: 'Examens accrédités et ajouts'!$E$10
Name ACT_PARTICIPANTS_SIGN1: 'Examens accrédités et ajouts'!$C$9
Name ACT_PARTICIPANTS_SIGN2: 'Examens accrédités et ajouts'!$E$9
Name P_APPLICATION_DATE: 'Examens accrédités et ajouts'!$F$2
Name P_REF: 'Examens accrédités et ajouts'!$D$2
Name P_REVISION: 'Examens accrédités et ajouts'!$E$2
Name P_REVISION_COMMENT: 'Examens accrédités et ajouts'!$A$7
Name P_TITLE: 'Examens accrédités et ajouts'!$A$4
Name P_TYPE: 'Examens accrédités et ajouts'!$B$2
Name P_UNIT: 'Examens accrédités et ajouts'!$B$3
Name Print_Area: 'FLEXI+'!$C$1:$F$584

Sheet Examens accrédités et ajouts
B1: Type | C1: Réf. Modèle | D1: Réf. Documentaire | E1: Version | F1: Appliqué(e) le
B2: 06- Liste (2 signatures) | C2: 14 | D2: 15081 | E2: 46 | F2: 19 déc. 2025
B3: Pôle Biologie Clinique
A4: Pôle Biologie Pathologie Physiologie : liste des examens accrédités et demandés à l'accréditation
A6: Description de la dernière évolution :
A7: changement PT01 et AI01
C8: Rédaction | E8: Approbation
A9: Nom(s) et fonction(s) | C9: Laure IGOUT (Gedi : Rédacteur - CHU\Pôles - Directions\Pôles Médicaux\Biologie Clinique) | E9: Adeline WAETERLOOS BARON (Gedi : Approbateur - CHU\Pôles - Directions\Pôles Médicaux\Biologie Clinique)
A10: Date | C10: 19 déc. 2025 17:20:41 | E10: 19 déc. 2025 17:21:32
A13: Pôle B2P CHU de Rouen N° accréditation 8-3081 | D13: Liste détaillée des examens accrédités
A14: Lieu de réalisation des opérations techniques (site) | B14: Service | C14: Domaine | D14: Sous-Famille | E14: Examen / analyse | F14: Nature de l'échantillon biologique (sang et dérivés, urine, selles, …) | G14: Principe de la méthode (préciser l'identification de l'équipement si méthode automatisée et le nombre ou préciser méthode manuelle, ainsi que la technique mise en oeuvre) | L14: Référence de la méthode (référence du document et version) | M14: Remarque *(ajout, changement automate, changement de méthode, changement de réactif,…) | N14: Lignes de portée | O14: Portée A/B | P14: Nombre actes réalisés en 2024
A15: HOPITAL CHARLES NICOLLE CHU ROUEN | B15: Biochimie Générale | C15: Biologie Médicale | D15: Biochimie générale et spécialisée (BIOCHBM) | E15: Créatine kinase | F15: Sang | G15: Cinétique enzymatique standardisée IFCC | H15: Quantitatif | I15: Automatisée | J15: 1 | K15: Cobas Pro Roche | L15: 10608 v4 | M15: Changement automate: mise en production le 25/9/24 | N15: BM BB01 | O15: A | P15: 23516 | Q15: =CONCATENATE(N15," _ ",O15," _ ",G15," _ ",H15," _ ",I15," _ ",J15," _ ",K15) -> BM BB01 _ A _ Cinétique enzymatique standardisée IFCC _ Quantitatif _ Automatisée _ 1 _ Cobas Pro Roche
A16: HOPITAL CHARLES NICOLLE CHU ROUEN | B16: Biochimie Générale | C16: Biologie Médicale | D16: Biochimie générale et spécialisée (BIOCHBM) | E16: Potassium | F16: Sang | G16: Potentiométrie indirecte | H16: Quantitatif | I16: Automatisée | J16: 3 | K16: Cobas Pro Roche | L16: 10674 v6 | M16: Changement automate: mise en production le 25/9/24 et 16/12/2024 | N16: BM BB01 | O16: A | P16: 321279 | Q16: =CONCATENATE(N16," _ ",O16," _ ",G16," _ ",H16," _ ",I16," _ ",J16," _ ",K16) -> BM BB01 _ A _ Potentiométrie indirecte _ Quantitatif _ Automatisée _ 3 _ Cobas Pro Roche
A17: HOPITAL CHARLES NICOLLE CHU ROUEN | B17: Biochimie Générale | C17: Biologie Médicale | D17: Biochimie générale et spécialisée (BIOCHBM) | E17: Troponine T | F17: Sang | G17: Electrochimiluminescence | H17: Quantitatif | I17: Automatisée | J17: 3 | K17: Cobas Pro Roche | L17: 10673 v6 | M17: Changement automate: mise en production le 25/9/24 et 16/12/2024 | N17: BM BB01 | O17: A | P17: 46706 | Q17: =CONCATENATE(N17," _ ",O17," _ ",G17," _ ",H17," _ ",I17," _ ",J17," _ ",K17) -> BM BB01 _ A _ Electrochimiluminescence _ Quantitatif _ Automatisée _ 3 _ Cobas Pro Roche
A18: HOPITAL CHARLES NICOLLE CHU ROUEN | B18: Biochimie Générale | C18: Biologie Médicale | D18: Biochimie générale et spécialisée (BIOCHBM) | E18: Phosphatases alcalines | F18: Sang | G18: Colorimétrie enzymatique | H18: Quantitatif | I18: Automatisée | J18: 3 | K18: Cobas Pro Roche | L18: 14978 v004 | M18: Changement automate: mise en production le 25/9/24 et 16/12/2024 | N18: BM BB01 | O18: A | P18: 148556 | Q18: =CONCATENATE(N18," _ ",O18," _ ",G18," _ ",H18," _ ",I18," _ ",J18," _ ",K18) -> BM BB01 _ A _ Colorimétrie enzymatique _ Quantitatif _ Automatisée _ 3 _ Cobas Pro Roche
A19: HOPITAL CHARLES NICOLLE CHU ROUEN | B19: Biochimie Générale | C19: Biologie Médicale | D19: Biochimie générale et spécialisée (BIOCHBM) | E19: Magnésium | F19: Sang | G19: Colorimétrie | H19: Quantitatif | I19: Automatisée | J19: 2 | K19: Cobas Pro Roche | L19: 15040 v005 | M19: Changement automate: mise en production le 25/9/24 et 16/12/2024 | N19: BM BB01 | O19: A | P19: 58673 | Q19: =CONCATENATE(N19," _ ",O19," _ ",G19," _ ",H19," _ ",I19," _ ",J19," _ ",K19) -> BM BB01 _ A _ Colorimétrie _ Quantitatif _ Automatisée _ 2 _ Cobas Pro Roche
A20: HOPITAL CHARLES NICOLLE CHU ROUEN | B20: Biochimie Générale | C20: Biologie Médicale | D20: Biochimie générale et spécialisée (BIOCHBM) | E20: Chlore | F20: Sang | G20: Potentiométrie indirecte | H20: Quantitatif | I20: Automatisée | J20: 3 | K20: Cobas Pro Roche | L20: 15038 v006 | M20: Changement automate: mise en production le 25/9/24 et 16/12/2024 | N20: BM BB01 | O20: A | P20: 319850 | Q20: =CONCATENATE(N20," _ ",O20," _ ",G20," _ ",H20," _ ",I20," _ ",J20," _ ",K20) -> BM BB01 _ A _ Potentiométrie indirecte _ Quantitatif _ Automatisée _ 3 _ Cobas Pro Roche
A21: HOPITAL CHARLES NICOLLE CHU ROUEN | B21: Biochimie Générale | C21: Biologie Médicale | D21: Biochimie générale et spécialisée (BIOCHBM) | E21: Lipase | F21: Sang | G21: Colorimétrie enzymatique | H21: Quantitatif | I21: Automatisée | J21: 2 | K21: Cobas Pro Roche | L21: 15039 v008 | M21: Changement automate: mise en production le 25/9/24 et 16/12/2024 | N21: BM BB01 | O21: A | P21: 15402 | Q21: =CONCATENATE(N21," _ ",O21," _ ",G21," _ ",H21," _ ",I21," _ ",J21," _ ",K21) -> BM BB01 _ A _ Colorimétrie enzymatique _ Quantitatif _ Automatisée _ 2 _ Cobas Pro Roche
A22: HOPITAL CHARLES NICOLLE CHU ROUEN | B22: Biochimie Générale | C22: Biologie Médicale | D22: Biochimie générale et spécialisée (BIOCHBM) | E22: Calcium | F22: Sang | G22: Colorimétrie | H22: Quantitatif | I22: Automatisée | J22: 3 | K22: Cobas Pro Roche | L22: 15026 v005 | M22: Changement automate: mise en production le 25/9/24 et 16/12/2024 | N22: BM BB01 | O22: A | P22: 112841 | Q22: =CONCATENATE(N22," _ ",O22," _ ",G22," _ ",H22," _ ",I22," _ ",J22," _ ",K22) -> BM BB01 _ A _ Colorimétrie _ Quantitatif _ Automatisée _ 3 _ Cobas Pro Roche
A23: HOPITAL CHARLES NICOLLE CHU ROUEN | B23: Biochimie Générale | C23: Biologie Médicale | D23: Biochimie générale et spécialisée (BIOCHBM) | E23: Urée | F23: Sang | G23: Méthode enzymatique (Uréase) | H23: Quantitatif | I23: Automatisée | J23: 3 | K23: Cobas Pro Roche | L23: 15075 v006 | M23: Changement automate: mise en production le 25/9/24 et 16/12/2024 | N23: BM BB01 | O23: A | P23: 313299 | Q23: =CONCATENATE(N23," _ ",O23," _ ",G23," _ ",H23," _ ",I23," _ ",J23," _ ",K23) -> BM BB01 _ A _ Méthode enzymatique (Uréase) _ Quantitatif _ Automatisée _ 3 _ Cobas Pro Roche
A24: HOPITAL CHARLES NICOLLE CHU ROUEN | B24: Biochimie Générale | C24: Biologie Médicale | D24: Biochimie générale et spécialisée (BIOCHBM) | E24: Thyréostimuline | F24: Sang | G24: Electrochimiluminescence | H24: Quantitatif | I24: Automatisée | J24: 2 | K24: Cobas pro Roche | L24: 15073 v003 | M24: Changement automate: mise en production le 25/9/24 | N24: BM BB01 | O24: A | P24: 35798 | Q24: =CONCATENATE(N24," _ ",O24," _ ",G24," _ ",H24," _ ",I24," _ ",J24," _ ",K24) -> BM BB01 _ A _ Electrochimiluminescence _ Quantitatif _ Automatisée _ 2 _ Cobas pro Roche
A25: HOPITAL CHARLES NICOLLE CHU ROUEN | B25: Biochimie Générale | C25: Biologie Médicale | D25: Biochimie générale et spécialisée (BIOCHBM) | E25: Sodium | F25: Sang | G25: Potentiométrie indirecte | H25: Quantitatif | I25: Automatisée | J25: 3 | K25: Cobas Pro Roche | L25: 15067 v006 | M25: Changement automate: mise en production le 25/9/24 et 16/12/2024 | N25: BM BB01 | O25: A | P25: 321491 | Q25: =CONCATENATE(N25," _ ",O25," _ ",G25," _ ",H25," _ ",I25," _ ",J25," _ ",K25) -> BM BB01 _ A _ Potentiométrie indirecte _ Quantitatif _ Automatisée _ 3 _ Cobas Pro Roche
A26: HOPITAL CHARLES NICOLLE CHU ROUEN | B26: Biochimie Générale | C26: Biologie Médicale | D26: Biochimie générale et spécialisée (BIOCHBM) | E26: Protides | F26: Sang | G26: Colorimétrique (Biuret) | H26: Quantitatif | I26: Automatisée | J26: 3 | K26: Cobas Pro Roche | L26: 15030 v007 | M26: Changement automate: mise en production le 25/9/24 et 16/12/2024 | N26: BM BB01 | O26: A | P26: 318697 | Q26: =CONCATENATE(N26," _ ",O26," _ ",G26," _ ",H26," _ ",I26," _ ",J26," _ ",K26) -> BM BB01 _ A _ Colorimétrique (Biuret) _ Quantitatif _ Automatisée _ 3 _ Cobas Pro Roche
... A40: HOPITAL CHARLES NICOLLE CHU ROUEN | B40: Biochimie Générale | C40: Biologie médicale | D40: Biochimie générale et spécialisée (BIOCHBM) | E40: Créatinine plasmatique | F40: Sang | G40: Colorimétrie ou colorimétrie enzymatique | H40: Quantitatif | I40: Automatisée | J40: 3 | K40: Cobas Pro Roche | L40: 24671 v3 | M40: Changement automate: mise en production le 25/9/24 et 16/12/2024 | N40: BM BB01 | O40: A | P40: 316816 | Q40: =CONCATENATE(N40," _ ",O40," _ ",G40," _ ",H40," _ ",I40," _ ",J40," _ ",K40) -> BM BB01 _ A _ Colorimétrie ou colorimétrie enzymatique _ Quantitatif _ Automatisée _ 3 _ Cobas Pro Roche
A41: HOPITAL CHARLES NICOLLE CHU ROUEN | B41: Biochimie Générale | C41: Biologie médicale | D41: Biochimie générale et spécialisée (BIOCHBM) | E41: DFG : MDRD et CKD-EPI | F41: Sang | G41: Calcul | H41: Quantitatif | I41: Automatisée | J41: NA | K41: NA | L41: 24671 v3 | N41: BM BB01 | O41: A | P41: 0 (Calcul) | Q41: =CONCATENATE(N41," _ ",O41," _ ",G41," _ ",H41," _ ",I41," _ ",J41," _ ",K41) -> BM BB01 _ A _ Calcul _ Quantitatif _ Automatisée _ NA _ NA
A42: HOPITAL CHARLES NICOLLE CHU ROUEN | B42: Biochimie Générale | C42: Biologie médicale | D42: Biochimie générale et spécialisée (BIOCHBM) | E42: Clairance à la créatinine (Cockroft) | F42: Sang | G42: Calcul | H42: Quantitatif | I42: Automatisée | J42: NA | K42: NA | L42: 24671 v3 | N42: BM BB01 | O42: A | P42: 0 (Calcul) | Q42: =CONCATENATE(N42," _ ",O42," _ ",G42," _ ",H42," _ ",I42," _ ",J42," _ ",K42) -> BM BB01 _ A _ Calcul _ Quantitatif _ Automatisée _ NA _ NA
A43: HOPITAL CHARLES NICOLLE CHU ROUEN | B43: Biochimie Générale | C43: Biologie médicale | D43: Biochimie générale et spécialisée (BIOCHBM) | E43: Bicarbonates plasmatiques | F43: Sang | G43: Méthode enzymatique (PEPCK) | H43: Quantitatif | I43: Automatisée | J43: 3 | K43: Cobas Pro Roche | L43: 26347 v1 | M43: Changement automate: mise en production le 25/9/24 et 16/12/2024 | N43: BM BB01 | O43: A | P43: 318110 | Q43: =CONCATENATE(N43," _ ",O43," _ ",G43," _ ",H43," _ ",I43," _ ",J43," _ ",K43) -> BM BB01 _ A _ Méthode enzymatique (PEPCK) _ Quantitatif _ Automatisée _ 3 _ Cobas Pro Roche
A44: HOPITAL CHARLES NICOLLE CHU ROUEN | B44: Biochimie Générale | C44: Biologie médicale | D44: Biochimie générale et spécialisée (BIOCHBM) | E44: Acide urique plasmatique | F44: Sang | G44: Colorimétrie enzymatique | H44: Quantitatif | I44: Automatisée | J44: 2 | K44: Cobas Pro Roche | L44: 26271 v2 | M44: Changement automate: mise en production le 25/9/24 et 16/12/2024 | N44: BM BB01 | O44: A | P44: 14510 | Q44: =CONCATENATE(N44," _ ",O44," _ ",G44," _ ",H44," _ ",I44," _ ",J44," _ ",K44) -> BM BB01 _ A _ Colorimétrie enzymatique _ Quantitatif _ Automatisée _ 2 _ Cobas Pro Roche
A45: HOPITAL CHARLES NICOLLE CHU ROUEN | B45: Biochimie Générale | C45: Biologie médicale | D45: Biochimie générale et spécialisée (BIOCHBM) | E45: Phosphore plasmatique | F45: Sang | G45: Spectrophotométrie UV (Molybdate d'ammonium) | H45: Quantitatif | I45: Automatisée | J45: 3 | K45: Cobas Pro Roche | L45: 26256 v3 | M45: Changement automate: mise en production le 25/9/24 et 16/12/2024 | N45: BM BB01 | O45: A | P45: 103603 | Q45: =CONCATENATE(N45," _ ",O45," _ ",G45," _ ",H45," _ ",I45," _ ",J45," _ ",K45) -> BM BB01 _ A _ Spectrophotométrie UV (Molybdate d'ammonium) _ Quantitatif _ Automatisée _ 3 _ Cobas Pro Roche
A46: HOPITAL CHARLES NICOLLE CHU ROUEN | B46: Biochimie Générale | C46: Biologie médicale | D46: Biochimie générale et spécialisée (BIOCHBM) | E46: Glucose plasmatique | F46: Sang | G46: Enzymatique | H46: Quantitatif | I46: Automatisée | J46: 3 | K46: Cobas Pro Roche | L46: 26931 v3 | M46: Changement automate: mise en production le 25/9/24 et 16/12/2024 | N46: BM BB01 | O46: A | P46: 233169 | Q46: =CONCATENATE(N46," _ ",O46," _ ",G46," _ ",H46," _ ",I46," _ ",J46," _ ",K46) -> BM BB01 _ A _ Enzymatique _ Quantitatif _ Automatisée _ 3 _ Cobas Pro Roche
A47: HOPITAL CHARLES NICOLLE CHU ROUEN | B47: Biochimie Générale | C47: Biologie médicale | D47: Biochimie générale et spécialisée (BIOCHBM) | E47: pH (Gaz du sang) | F47: Sang | G47: Potentiométrie directe | H47: Quantitatif | I47: Automatisée | J47: 4 | K47: GEM 5000 (WERFEN) | L47: 39150 v1 39370 v1 39494 v1 39889 v1 | N47: BM BB01 | O47: A | P47: 61910 | Q47: =CONCATENATE(N47," _ ",O47," _ ",G47," _ ",H47," _ ",I47," _ ",J47," _ ",K47) -> BM BB01 _ A _ Potentiométrie directe _ Quantitatif _ Automatisée _ 4 _ GEM 5000 (WERFEN)
A48: HOPITAL CHARLES NICOLLE CHU ROUEN | B48: Biochimie Générale | C48: Biologie médicale | D48: Biochimie générale et spécialisée (BIOCHBM) | E48: pO2 (Gaz du sang) | F48: Sang | G48: Potentiométrie directe | H48: Quantitatif | I48: Automatisée | J48: 4 | K48: GEM 5000 (WERFEN) | L48: 39150 v1 39370 v1 39494 v1 39889 v1 | N48: BM BB01 | O48: A | P48: voir PH | Q48: =CONCATENATE(N48," _ ",O48," _ ",G48," _ ",H48," _ ",I48," _ ",J48," _ ",K48) -> BM BB01 _ A _ Potentiométrie directe _ Quantitatif _ Automatisée _ 4 _ GEM 5000 (WERFEN)
A49: HOPITAL CHARLES NICOLLE CHU ROUEN | B49: Biochimie Générale | C49: Biologie médicale | D49: Biochimie générale et spécialisée (BIOCHBM) | E49: pCO2 (Gaz du sang) | F49: Sang | G49: Potentiométrie directe | H49: Quantitatif | I49: Automatisée | J49: 4 | K49: GEM 5000 (WERFEN) | L49: 39150 v1 39370 v1 39494 v1 39889 v1 | N49: BM BB01 | O49: A | P49: voir PH | Q49: =CONCATENATE(N49," _ ",O49," _ ",G49," _ ",H49," _ ",I49," _ ",J49," _ ",K49) -> BM BB01 _ A _ Potentiométrie directe _ Quantitatif _ Automatisée _ 4 _ GEM 5000 (WERFEN)
A50: HOPITAL CHARLES NICOLLE CHU ROUEN | B50: Biochimie Générale | C50: Biologie Médicale | D50: Biochimie générale et spécialisée (BIOCHBM) | E50: Hémogobine Totale (Gaz du sang) | F50: Sang | G50: Absorbance optique | H50: Quantitatif | I50: Automatisée | J50: 4 | K50: GEM 5000 (WERFEN) | L50: 39150 v1 39370 v1 39494 v1 39889 v1 | N50: BM BB01 | O50: A | P50: voir PH (gaz du sang) | Q50: =CONCATENATE(N50," _ ",O50," _ ",G50," _ ",H50," _ ",I50," _ ",J50," _ ",K50) -> BM BB01 _ A _ Absorbance optique _ Quantitatif _ Automatisée _ 4 _ GEM 5000 (WERFEN)
A51: HOPITAL CHARLES NICOLLE CHU ROUEN | B51: Biochimie Générale | C51: Biologie Médicale | D51: Biochimie générale et spécialisée (BIOCHBM) | E51: Carboxyhémoglobine (Gaz du sang) | F51: Sang | G51: Absorbance optique | H51: Quantitatif | I51: Automatisée | J51: 4 | K51: GEM 5000 (WERFEN) | L51: 39150 v1 39370 v1 39494 v1 39889 v1 | N51: BM BB01 | O51: A | P51: 118 | Q51: =CONCATENATE(N51," _ ",O51," _ ",G51," _ ",H51," _ ",I51," _ ",J51," _ ",K51) -> BM BB01 _ A _ Absorbance optique _ Quantitatif _ Automatisée _ 4 _ GEM 5000 (WERFEN)
A52: HOPITAL CHARLES NICOLLE CHU ROUEN | B52: Biochimie Générale | C52: Biologie Médicale | D52: Biochimie générale et spécialisée (BIOCHBM) | E52: Oxyhémoglobine (Gaz du sang) | F52: Sang | G52: Absorbance optique | H52: Quantitatif | I52: Automatisée | J52: 4 | K52: GEM 5000 (WERFEN) | L52: 39150 v1 39370 v1 39494 v1 39889 v1 | N52: BM BB01 | O52: A | P52: voir PH (gaz du sang) | Q52: =CONCATENATE(N52," _ ",O52," _ ",G52," _ ",H52," _ ",I52," _ ",J52," _ ",K52) -> BM BB01 _ A _ Absorbance optique _ Quantitatif _ Automatisée _ 4 _ GEM 5000 (WERFEN)
A53: HOPITAL CHARLES NICOLLE CHU ROUEN | B53: Biochimie Générale | C53: Biologie Médicale | D53: Biochimie générale et spécialisée (BIOCHBM) | E53: Méthémoglobine (Gaz du sang) | F53: Sang | G53: Absorbance optique | H53: Quantitatif | I53: Automatisée | J53: 4 | K53: GEM 5000 (WERFEN) | L53: 39150 v1 39370 v1 39494 v1 39889 v1 | N53: BM BB01 | O53: A | P53: 270 | Q53: =CONCATENATE(N53," _ ",O53," _ ",G53," _ ",H53," _ ",I53," _ ",J53," _ ",K53) -> BM BB01 _ A _ Absorbance optique _ Quantitatif _ Automatisée _ 4 _ GEM 5000 (WERFEN)
A54: HOPITAL CHARLES NICOLLE CHU ROUEN | B54: Hématologie | C54: Biologie Médicale | D54: Hémostase (COAGBM) | E54: Temps de Quick | F54: Plasma | G54: Chronométrique | H54: Quantitatif | I54: Automatisée | J54: 2 | K54: STAR Max3 Diagnostica STAGO (chu) | L54: 10646 v8 | M54: Nouveaux automates STARMAX3 à partir du 12/11/2024 | N54: BM CB02 | O54: A | P54: 116063 | Q54: =CONCATENATE(N54," _ ",O54," _ ",G54," _ ",H54," _ ",I54," _ ",J54," _ ",K54) -> BM CB02 _ A _ Chronométrique _ Quantitatif _ Automatisée _ 2 _ STAR Max3 Diagnostica STAGO (chu)
A55: HOPITAL CHARLES NICOLLE CHU ROUEN | B55: Hématologie | C55: Biologie Médicale | D55: Hémostase (COAGBM) | E55: Temps de céphaline + activateur | F55: Plasma | G55: Chronométrie | H55: Quantitatif | I55: Automatisée | J55: 2 | K55: STAR Max3 Diagnostica STAGO (chu) | L55: 14898 v4 | M55: Nouveaux automates STARMAX3 à partir du 12/11/2024 | N55: BM CB02 | O55: A | P55: 108233 | Q55: =CONCATENATE(N55," _ ",O55," _ ",G55," _ ",H55," _ ",I55," _ ",J55," _ ",K55) -> BM CB02 _ A _ Chronométrie _ Quantitatif _ Automatisée _ 2 _ STAR Max3 Diagnostica STAGO (chu)
A56: HOPITAL CHARLES NICOLLE CHU ROUEN | B56: Hématologie | C56: Biologie Médicale | D56: Hémostase (COAGBM) | E56: Fibrinogène | F56: Plasma | G56: Chronométrie | H56: Quantitatif | I56: Automatisée | J56: 2 | K56: STAR Max3 Diagnostica STAGO (chu) | L56: 14899 v5 | M56: Nouveaux automates STARMAX3 à partir du 12/11/2024 | N56: BM CB02 | O56: A | P56: 25228 | Q56: =CONCATENATE(N56," _ ",O56," _ ",G56," _ ",H56," _ ",I56," _ ",J56," _ ",K56) -> BM CB02 _ A _ Chronométrie _ Quantitatif _ Automatisée _ 2 _ STAR Max3 Diagnostica STAGO (chu)
A57: HOPITAL CHARLES NICOLLE CHU ROUEN | B57: Hématologie | C57: Biologie Médicale | D57: Hémostase (COAGBM) | E57: D-Dimères Liatest | F57: Plasma | G57: Immunoturbidimétrie | H57: Quantitatif | I57: Automatisée | J57: 3 | K57: 2 STAR Max3 Diagnostica STAGO (chu) 1 STARMAX2 Diagnostica STAGO | L57: 42212 v1 | M57: Mise en place d'une nouvelle analyse à partir du 21/01/2025 | N57: BM CB02 | O57: A | P57: 0 | Q57: =CONCATENATE(N57," _ ",O57," _ ",G57," _ ",H57," _ ",I57," _ ",J57," _ ",K57) -> BM CB02 _ A _ Immunoturbidimétrie _ Quantitatif _ Automatisée _ 3 _ 2 STAR Max3 Diagnostica STAGO (chu) 1 STARMAX2 Diagnostica STAGO
A58: HOPITAL CHARLES NICOLLE CHU ROUEN | B58: Hématologie | C58: Biologie Médicale | D58: Hémostase (COAGBM) | E58: D-Dimères, suivi de thrombose | F58: Plasma | G58: Immunoenzymatique (ELFA) | H58: Quantitatif | I58: Automatisée | J58: 1 | K58: BIOMERIEUX Vidas 3 N° VN04565 (HCN) | L58: 27508 v4 | M58: Suppression du Vidas back-up et Changement d'indication de pour les D-Dimères ELFA à partir du 21/01/2025 | N58: BM CB02 | O58: A | P58: 4944 | Q58: =CONCATENATE(N58," _ ",O58," _ ",G58," _ ",H58," _ ",I58," _ ",J58," _ ",K58) -> BM CB02 _ A _ Immunoenzymatique (ELFA) _ Quantitatif _ Automatisée _ 1 _ BIOMERIEUX Vidas 3 N° VN04565 (HCN)
A59: HOPITAL CHARLES NICOLLE CHU ROUEN | B59: Hématologie | C59: Biologie Médicale | D59: Hématocytologie (HEMATOBM) | E59: Volume moyen plaquettaire | F59: Sang | G59: Impédance en cytométrie à volume fixe calibré (référence : cellule de Malassez) | H59: Quantitatif | I59: Automatisée | J59: 3 | K59: SYSMEX XN10 | L59: 9899 v14 | M59: Paramètre de la NFS | N59: BM HB01 | O59: A | P59: 306864 | Q59: =CONCATENATE(N59," _ ",O59," _ ",G59," _ ",H59," _ ",I59," _ ",J59," _ ",K59) -> BM HB01 _ A _ Impédance en cytométrie à volume fixe calibré (référence : cellule de Malassez) _ Quantitatif _ Automatisée _ 3 _ SYSMEX XN10
A60: HOPITAL CHARLES NICOLLE CHU ROUEN | B60: Hématologie | C60: Biologie Médicale | D60: Hématocytologie (HEMATOBM) | E60: Volume globulaire moyen | F60: Sang | G60: Le volume globulaire moyen est calculé à partir du taux d'hématocrite et de la numération des globules rouges sur sang total. | H60: Quantitatif | I60: Automatisée | J60: 3 | K60: SYSMEX XN10 | L60: 9899 v14 | M60: Paramètre de la NFS | N60: BM HB01 | O60: A | P60: cf Volume moyen plaquettaire | Q60: =CONCATENATE(N60," _ ",O60," _ ",G60," _ ",H60," _ ",I60," _ ",J60," _ ",K60) -> BM HB01 _ A _ Le volume globulaire moyen est calculé à partir du taux d'hématocrite et de la numération des globules rouges sur sang total. _ Quantitatif _ Automatisée _ 3 _ SYSMEX XN10
A61: HOPITAL CHARLES NICOLLE CHU ROUEN | B61: Hématologie | C61: Biologie Médicale | D61: Hématocytologie (HEMATOBM) | E61: Polynucléaires Basophiles | F61: Sang | G61: Diffraction optique en cytométrie de flux avec laser semi-conducteur et fluorescence. | H61: Quantitatif | I61: Automatisée | J61: 3 | K61: SYSMEX XN10 | L61: 9899 v14 | M61: Paramètre de la NFS | N61: BM HB01 | O61: A | P61: cf Volume moyen plaquettaire | Q61: =CONCATENATE(N61," _ ",O61," _ ",G61," _ ",H61," _ ",I61," _ ",J61," _ ",K61) -> BM HB01 _ A _ Diffraction optique en cytométrie de flux avec laser semi-conducteur et fluorescence. _ Quantitatif _ Automatisée _ 3 _ SYSMEX XN10
A62: HOPITAL CHARLES NICOLLE CHU ROUEN | B62: Hématologie | C62: Biologie Médicale | D62: Hématocytologie (HEMATOBM) | E62: Plaquettes | F62: Sang | G62: Impédance en cytométrie à volume fixe calibré (référence : cellule de Malassez) ou Diffraction optique en cytométrie de flux avec laser semi-conducteur et fluorescence | H62: Quantitatif | I62: Automatisée | J62: 3 | K62: SYSMEX XN10 | L62: 9899 v14 | M62: Paramètre de la NFS | N62: BM HB01 | O62: A | P62: cf Volume moyen plaquettaire | Q62: =CONCATENATE(N62," _ ",O62," _ ",G62," _ ",H62," _ ",I62," _ ",J62," _ ",K62) -> BM HB01 _ A _ Impédance en cytométrie à volume fixe calibré (référence : cellule de Malassez) ou Diffraction optique en cytométrie de flux avec laser semi-conducteur et fluorescence _ Quantitatif _ Automatisée _ 3 _ SYSMEX XN10
A63: HOPITAL CHARLES NICOLLE CHU ROUEN | B63: Hématologie | C63: Biologie Médicale | D63: Hématocytologie (HEMATOBM) | E63: Polynucléaires Eosinophiles | F63: Sang | G63: Diffraction optique en cytométrie de flux avec laser semi-conducteur et fluorescence. | H63: Quantitatif | I63: Automatisée | J63: 3 | K63: SYSMEX XN10 | L63: 9899 v14 | M63: Paramètre de la NFS | N63: BM HB01 | O63: A | P63: cf Volume moyen plaquettaire | Q63: =CONCATENATE(N63," _ ",O63," _ ",G63," _ ",H63," _ ",I63," _ ",J63," _ ",K63) -> BM HB01 _ A _ Diffraction optique en cytométrie de flux avec laser semi-conducteur et fluorescence. _ Quantitatif _ Automatisée _ 3 _ SYSMEX XN10
A64: HOPITAL CHARLES NICOLLE CHU ROUEN | B64: Hématologie | C64: Biologie Médicale | D64: Hématocytologie (HEMATOBM) | E64: Hématocrite | F64: Sang | G64: Variation de résistivité (Impédance) en cytométrie à volume fixe calibré | H64: Quantitatif | I64: Automatisée | J64: 3 | K64: SYSMEX XN10 | L64: 9899 v14 | M64: Paramètre de la NFS | N64: BM HB01 | O64: A | P64: cf Volume moyen plaquettaire | Q64: =CONCATENATE(N64," _ ",O64," _ ",G64," _ ",H64," _ ",I64," _ ",J64," _ ",K64) -> BM HB01 _ A _ Variation de résistivité (Impédance) en cytométrie à volume fixe calibré _ Quantitatif _ Automatisée _ 3 _ SYSMEX XN10
A65: HOPITAL CHARLES NICOLLE CHU ROUEN | B65: Hématologie | C65: Biologie Médicale | D65: Hématocytologie (HEMATOBM) | E65: Polynucléaires Neutrophiles | F65: Sang | G65: Diffraction optique en cytométrie de flux avec laser semi-conducteur et fluorescence. | H65: Quantitatif | I65: Automatisée | J65: 3 | K65: SYSMEX XN10 | L65: 9899 v14 | M65: Paramètre de la NFS | N65: BM HB01 | O65: A | P65: cf Volume moyen plaquettaire | Q65: =CONCATENATE(N65," _ ",O65," _ ",G65," _ ",H65," _ ",I65," _ ",J65," _ ",K65) -> BM HB01 _ A _ Diffraction optique en cytométrie de flux avec laser semi-conducteur et fluorescence. _ Quantitatif _ Automatisée _ 3 _ SYSMEX XN10
A66: HOPITAL CHARLES NICOLLE CHU ROUEN | B66: Hématologie | C66: Biologie Médicale | D66: Hématocytologie (HEMATOBM) | E66: Hémoglobine | F66: Sang | G66: Photométrie par une dilution dans une cuve spécifique | H66: Quantitatif | I66: Automatisée | J66: 3 | K66: SYSMEX XN10 | L66: 9899 v14 | M66: Paramètre de la NFS | N66: BM HB01 | O66: A | P66: cf Volume moyen plaquettaire | Q66: =CONCATENATE(N66," _ ",O66," _ ",G66," _ ",H66," _ ",I66," _ ",J66," _ ",K66) -> BM HB01 _ A _ Photométrie par une dilution dans une cuve spécifique _ Quantitatif _ Automatisée _ 3 _ SYSMEX XN10
A67: HOPITAL CHARLES NICOLLE CHU ROUEN | B67: Hématologie | C67: Biologie Médicale | D67: Hématocytologie (HEMATOBM) | E67: Indice de distribution des globules rouges | F67: Sang | G67: Impédance en cytométrie à volume fixe calibré. | H67: Quantitatif | I67: Automatisée | J67: 3 | K67: SYSMEX XN10 | L67: 9899 v14 | M67: Paramètre de la NFS | N67: BM HB01 | O67: A | P67: cf Volume moyen plaquettaire | Q67: =CONCATENATE(N67," _ ",O67," _ ",G67," _ ",H67," _ ",I67," _ ",J67," _ ",K67) -> BM HB01 _ A _ Impédance en cytométrie à volume fixe calibré. _ Quantitatif _ Automatisée _ 3 _ SYSMEX XN10
A68: HOPITAL CHARLES NICOLLE CHU ROUEN | B68: Hématologie | C68: Biologie Médicale | D68: Hématocytologie (HEMATOBM) | E68: Globules Rouges | F68: Sang | G68: Impédance en cytométrie à volume fixe calibré. | H68: Quantitatif | I68: Automatisée | J68: 3 | K68: SYSMEX XN10 | L68: 9899 v14 | M68: Paramètre de la NFS | N68: BM HB01 | O68: A | P68: cf Volume moyen plaquettaire | Q68: =CONCATENATE(N68," _ ",O68," _ ",G68," _ ",H68," _ ",I68," _ ",J68," _ ",K68) -> BM HB01 _ A _ Impédance en cytométrie à volume fixe calibré. _ Quantitatif _ Automatisée _ 3 _ SYSMEX XN10
A69: HOPITAL CHARLES NICOLLE CHU ROUEN | B69: Hématologie | C69: Biologie Médicale | D69: Hématocytologie (HEMATOBM) | E69: Concentration corpusculaire moyenne en hémoglobine | F69: Sang | G69: La CCMH est calculée à partir du taux d'hémoglobine et d'hématocrite. | H69: Quantitatif | I69: Automatisée | J69: 3 | K69: SYSMEX XN10 | L69: 9899 v14 | M69: Paramètre de la NFS | N69: BM HB01 | O69: A | P69: cf Volume moyen plaquettaire | Q69: =CONCATENATE(N69," _ ",O69," _ ",G69," _ ",H69," _ ",I69," _ ",J69," _ ",K69) -> BM HB01 _ A _ La CCMH est calculée à partir du taux d'hémoglobine et d'hématocrite. _ Quantitatif _ Automatisée _ 3 _ SYSMEX XN10
A70: HOPITAL CHARLES NICOLLE CHU ROUEN | B70: Hématologie | C70: Biologie Médicale | D70: Hématocytologie (HEMATOBM) | E70: Monocytes | F70: Sang | G70: Diffraction optique en cytométrie de flux avec laser semi-conducteur et fluorescence. | H70: Quantitatif | I70: Automatisée | J70: 3 | K70: SYSMEX XN10 | L70: 9899 v14 | M70: Paramètre de la NFS | N70: BM HB01 | O70: A | P70: cf Volume moyen plaquettaire | Q70: =CONCATENATE(N70," _ ",O70," _ ",G70," _ ",H70," _ ",I70," _ ",J70," _ ",K70) -> BM HB01 _ A _ Diffraction optique en cytométrie de flux avec laser semi-conducteur et fluorescence. _ Quantitatif _ Automatisée _ 3 _ SYSMEX XN10
A71: HOPITAL CHARLES NICOLLE CHU ROUEN | B71: Hématologie | C71: Biologie Médicale | D71: Hématocytologie (HEMATOBM) | E71: Lymphocytes | F71: Sang | G71: Diffraction optique en cytométrie de flux avec laser semi-conducteur et fluorescence. | H71: Quantitatif | I71: Automatisée | J71: 3 | K71: SYSMEX XN10 | L71: 9899 v14 | M71: Paramètre de la NFS | N71: BM HB01 | O71: A | P71: cf Volume moyen plaquettaire | Q71: =CONCATENATE(N71," _ ",O71," _ ",G71," _ ",H71," _ ",I71," _ ",J71," _ ",K71) -> BM HB01 _ A _ Diffraction optique en cytométrie de flux avec laser semi-conducteur et fluorescence. _ Quantitatif _ Automatisée _ 3 _ SYSMEX XN10
... A74: HOPITAL CHARLES NICOLLE CHU ROUEN | B74: Hématologie | C74: Biologie Médicale | D74: Hématocytologie (HEMATOBM) | E74: Indice de distribution plaquettaire | F74: Sang | G74: Impédance en cytométrie à volume fixe calibré (référence : cellule de Malassez) | H74: Quantitatif | I74: Automatisée | J74: 3 | K74: SYSMEX XN10 | L74: 9899 v14 | M74: Paramètre de la NFS | N74: BM HB01 | O74: A | P74: cf Volume moyen plaquettaire | Q74: =CONCATENATE(N74," _ ",O74," _ ",G74," _ ",H74," _ ",I74," _ ",J74," _ ",K74) -> BM HB01 _ A _ Impédance en cytométrie à volume fixe calibré (référence : cellule de Malassez) _ Quantitatif _ Automatisée _ 3 _ SYSMEX XN10
A75: HOPITAL CHARLES NICOLLE CHU ROUEN | B75: Hématologie | C75: Biologie Médicale | D75: Hématocytologie (HEMATOBM) | E75: Plaquettes sur tube citrate | F75: Sang | G75: Impédance en cytométrie à volume fixe calibré (référence : cellule de Malassez) ou Diffraction optique en cytométrie de flux avec laser semi-conducteur et fluorescence | H75: Quantitatif | I75: Automatisée | J75: 3 | K75: SYSMEX XN10 | L75: 9899 v14 | M75: Paramètre de la NFS | N75: BM HB01 | O75: A | P75: 546 | Q75: =CONCATENATE(N75," _ ",O75," _ ",G75," _ ",H75," _ ",I75," _ ",J75," _ ",K75) -> BM HB01 _ A _ Impédance en cytométrie à volume fixe calibré (référence : cellule de Malassez) ou Diffraction optique en cytométrie de flux avec laser semi-conducteur et fluorescence _ Quantitatif _ Automatisée _ 3 _ SYSMEX XN10
A76: HOPITAL CHARLES NICOLLE CHU ROUEN | B76: Hématologie | C76: Biologie Médicale | D76: Hématocytologie (HEMATOBM) | E76: Globules rouges optiques | F76: Sang | G76: Méthode de détection par l’optique | H76: Quantitatif | I76: Automatisée | J76: 2 | K76: SYSMEX XN10 | L76: 9899 v14 | M76: Paramètre de la NFS | N76: BM HB01 | O76: A | P76: Compris dans la NF | Q76: =CONCATENATE(N76," _ ",O76," _ ",G76," _ ",H76," _ ",I76," _ ",J76," _ ",K76) -> BM HB01 _ A _ Méthode de détection par l’optique _ Quantitatif _ Automatisée _ 2 _ SYSMEX XN10
A77: HOPITAL CHARLES NICOLLE CHU ROUEN | B77: Hématologie | C77: Biologie Médicale | D77: Hématocytologie (HEMATOBM) | E77: Morphologie érythrocytaire | F77: Sang | G77: Etude de la morphologie des hématies sur frottis sanguin au microscope. | H77: Qualitatif | I77: Manuelle | L77: 14907 V2 | N77: BM HB01 | O77: A | P77: 5447 | Q77: =CONCATENATE(N77," _ ",O77," _ ",G77," _ ",H77," _ ",I77," _ ",J77," _ ",K77) -> BM HB01 _ A _ Etude de la morphologie des hématies sur frottis sanguin au microscope. _ Qualitatif _ Manuelle _ _
A78: HOPITAL CHARLES NICOLLE CHU ROUEN | B78: Hématologie | C78: Biologie Médicale | D78: Hématocytologie (HEMATOBM) | E78: Formule sanguine en micrscopie optique | F78: Sang | G78: Microscopie optique | H78: Qualitatif | I78: Manuelle | L78: 14907 v2 | N78: BM HB01 | O78: A | P78: voir NF | Q78: =CONCATENATE(N78," _ ",O78," _ ",G78," _ ",H78," _ ",I78," _ ",J78," _ ",K78) -> BM HB01 _ A _ Microscopie optique _ Qualitatif _ Manuelle _ _
A79: HOPITAL CHARLES NICOLLE CHU ROUEN | B79: Anatomie et cytologie pathologiques | C79: Anatomie et cytologie pathologiques | D79: Génétique somatique (GENSOBM) | E79: EGFR / HER2 : recherche des insertions / duplications / délétions dans les exons 19 et 20 de l'EGFR et 20 d'HER2 par analyse de fragment | F79: ADN génomique tumoral extrait à partir de tissu représentatif de la tumeur primitive ou de sa métastase (Bloc FFPE) | G79: PCR et Analyse des fragments d'amplification par électrophorèse capillaire. | H79: Qualitatif | I79: Semi-automatisée | J79: 1 | K79: Séquenceur automatique d'ADN 3500, Applied Biosystems | L79: 27452 v4 32219 | N79: AC GS01 | O79: B | P79: 706 | Q79: =CONCATENATE(N79," _ ",O79," _ ",G79," _ ",H79," _ ",I79," _ ",J79," _ ",K79) -> AC GS01 _ B _ PCR et Analyse des fragments d'amplification par électrophorèse capillaire. _ Qualitatif _ Semi-automatisée _ 1 _ Séquenceur automatique d'ADN 3500, Applied Biosystems
A80: HOPITAL CHARLES NICOLLE CHU ROUEN | B80: Anatomie et cytologie pathologiques | C80: Anatomie et cytologie pathologiques | D80: Génétique somatique (GENSOBM) | E80: KRAS / BRAF : Recherche des mutations de l'exon 2 du gène KRAS et de l'exon 15 du gène BRAF SNaPshot | F80: Tissu représentatif de la tumeur primitive ou de sa métastase | G80: PCR et Extension d'amorces par SNaPshot à partir des produits d'amplification du gène | H80: Qualitatif | I80: Semi-automatisée | J80: 1 | K80: Séquenceur automatique d'ADN 3500, Applied Biosystems | L80: 17112 v3 17116 v3 32219 | N80: AC GS01 | O80: B | P80: 83 | Q80: =CONCATENATE(N80," _ ",O80," _ ",G80," _ ",H80," _ ",I80," _ ",J80," _ ",K80) -> AC GS01 _ B _ PCR et Extension d'amorces par SNaPshot à partir des produits d'amplification du gène _ Qualitatif _ Semi-automatisée _ 1 _ Séquenceur automatique d'ADN 3500, Applied Biosystems
A81: HOPITAL CHARLES NICOLLE CHU ROUEN | B81: Anatomie et cytologie pathologiques | C81: Anatomie et cytologie pathologiques | D81: Génétique somatique (GENSOBM) | E81: KRAS / NRAS : Recherche des mutations des exons 3 et 4 du gène KRAS et des exons 2, 3 et 4 du gène NRAS | F81: Tissu représentatif de la tumeur primitive ou de sa métastase | G81: PCR et Extension d'amorces par SNaPshot à partir des produits d'amplification du gène | H81: Qualitatif | I81: Semi-automatisée | J81: 1 | K81: Séquenceur automatique d'ADN 3500, Applied Biosystems | L81: 17112 v3 17114 v3 32219 | N81: AC GS01 | O81: B | P81: 70 | Q81: =CONCATENATE(N81," _ ",O81," _ ",G81," _ ",H81," _ ",I81," _ ",J81," _ ",K81) -> AC GS01 _ B _ PCR et Extension d'amorces par SNaPshot à partir des produits d'amplification du gène _ Qualitatif _ Semi-automatisée _ 1 _ Séquenceur automatique d'ADN 3500, Applied Biosystems
A82: HOPITAL CHARLES NICOLLE CHU ROUEN | B82: Anatomie et cytologie pathologiques | C82: Anatomie et cytologie pathologiques | D82: Génétique somatique (GENSOBM) | E82: BRAF : Recherche des mutations du codon 600 du gène BRAF SNaPshot | F82: Tissu représentatif de la tumeur primitive ou de sa métastase | G82: PCR et Extension d'amorces par SNaPshot à partir des produits d'amplification du gène | H82: Qualitatif | I82: Semi-automatisée | J82: 1 | K82: Séquenceur automatique d'ADN 3500, Applied Biosystems | L82: 17112 v3 15045 v2 32219 | N82: AC GS01 | O82: B | P82: 836 | Q82: =CONCATENATE(N82," _ ",O82," _ ",G82," _ ",H82," _ ",I82," _ ",J82," _ ",K82) -> AC GS01 _ B _ PCR et Extension d'amorces par SNaPshot à partir des produits d'amplification du gène _ Qualitatif _ Semi-automatisée _ 1 _ Séquenceur automatique d'ADN 3500, Applied Biosystems
A83: HOPITAL CHARLES NICOLLE CHU ROUEN | B83: Anatomie et cytologie pathologiques | C83: Anatomie et cytologie pathologiques | D83: Génétique somatique (GENSOBM) | E83: EGFR / KRAS: recherche de mutations ponctuelles au niveau des exons 18, 20 et 21 de l'EGFR et 2 de KRAS par la technique d'extension d'amorce par SNaPshot | F83: Tissu représentatif de la tumeur primitive ou de sa métastase | G83: PCR et Extension d'amorces par SNaPshot à partir des produits d'amplification du gène | H83: Qualitatif | I83: Semi-automatisée | J83: 1 | K83: Séquenceur automatique d'ADN 3500, Applied Biosystems | L83: 17112 v3 17115 v3 32219 | N83: AC GS01 | O83: B | P83: 721 | Q83: =CONCATENATE(N83," _ ",O83," _ ",G83," _ ",H83," _ ",I83," _ ",J83," _ ",K83) -> AC GS01 _ B _ PCR et Extension d'amorces par SNaPshot à partir des produits d'amplification du gène _ Qualitatif _ Semi-automatisée _ 1 _ Séquenceur automatique d'ADN 3500, Applied Biosystems
A84: HOPITAL CHARLES NICOLLE CHU ROUEN | B84: Anatomie et cytologie pathologiques | C84: Anatomie et cytologie pathologiques | D84: Génétique somatique (GENSOBM) | E84: COBAS EGFR Mutation test | F84: Tissus fixés au formol et inclus en paraffine correspondant au diagnostic d'adénocarcinome du poumon. | G84: PCR en temps réel à partir d'un couple d'amorces et en présence de sondes oligonucléotidiques marquées par des fluorochromes | H84: Qualitatif | I84: Automatisée | J84: 1 | K84: cobas z 480 analyzer | L84: 32307 v1 32219 | N84: AC GS01 | O84: B | P84: 219 | Q84: =CONCATENATE(N84," _ ",O84," _ ",G84," _ ",H84," _ ",I84," _ ",J84," _ ",K84) -> AC GS01 _ B _ PCR en temps réel à partir d'un couple d'amorces et en présence de sondes oligonucléotidiques marquées par des fluorochromes _ Qualitatif _ Automatisée _ 1 _ cobas z 480 analyzer
A85: HOPITAL CHARLES NICOLLE CHU ROUEN | B85: Anatomie et cytologie pathologiques | C85: Anatomie et cytologie pathologiques | D85: Génétique somatique (GENSOBM) | E85: IDYLLA RAS-BRAF mutation test | F85: Tissus fixés au formol et inclus en paraffine de cancers colorectaux humains | G85: Libération des acides nucléiques puis amplification des acides nucléiques libérés par PCR en temps réel. Détection par fluorescence | H85: Qualitatif | I85: Automatisée | J85: 2 | K85: IdyllaTM, Biocartis | L85: 30854 v3 32219 | N85: AC GS01 | O85: A | P85: 314 | Q85: =CONCATENATE(N85," _ ",O85," _ ",G85," _ ",H85," _ ",I85," _ ",J85," _ ",K85) -> AC GS01 _ A _ Libération des acides nucléiques puis amplification des acides nucléiques libérés par PCR en temps réel. Détection par fluorescence _ Qualitatif _ Automatisée _ 2 _ IdyllaTM, Biocartis
A86: HOPITAL CHARLES NICOLLE CHU ROUEN | B86: Anatomie et cytologie pathologiques | C86: Anatomie et cytologie pathologiques | D86: Histologie (HISTOACP) | E86: Examen histologique - Observation morphologique de constituants tissulaires et cellulaires | F86: Lame comportant une coupe de tissu d'origine humaine fixé au formol et inclu en paraffine | G86: Coloration standard HES | H86: Qualitatif | I86: Automatisée | J86: 4 | K86: Automate de Coloration SAKURA PRISMA | L86: 27469 v3 | N86: AC HA01 | O86: B | P86: 183224 | Q86: =CONCATENATE(N86," _ ",O86," _ ",G86," _ ",H86," _ ",I86," _ ",J86," _ ",K86) -> AC HA01 _ B _ Coloration standard HES _ Qualitatif _ Automatisée _ 4 _ Automate de Coloration SAKURA PRISMA
A87: HOPITAL CHARLES NICOLLE CHU ROUEN | B87: Bactériologie | C87: Biologie Médicale | D87: Bactériologie Spécialisée (BACTH) | E87: Recherche d'ADN bactérien de Bordetella perussis (PCR) | F87: Prélèvements broncho-pulmonaires, Culture bactérienne | G87: Détection d'acides nucléiques (PCR)-Biologie moléculaire | H87: Qualitatif | I87: Semi-automatisée | J87: 2 | K87: Extraction: EZ 1 Qiagen PCR temps réel: CFX96 Biorad | L87: 14934 v2 rev 34166v1 | N87: BM BA02 | O87: B | P87: 733 | Q87: =CONCATENATE(N87," _ ",O87," _ ",G87," _ ",H87," _ ",I87," _ ",J87," _ ",K87) -> BM BA02 _ B _ Détection d'acides nucléiques (PCR)-Biologie moléculaire _ Qualitatif _ Semi-automatisée _ 2 _ Extraction: EZ 1 Qiagen PCR temps réel: CFX96 Biorad
A88: HOPITAL CHARLES NICOLLE CHU ROUEN | B88: Bactériologie | C88: Biologie médicale | D88: Microbiologie Générale (MICROBIOBM) | E88: Mise en culture pour recherche et identification de germes bactériens | F88: Echantillons biologiques d'origine humaine et dispositifs implantables | G88: Mise en culture (ensemencement) | H88: Qualitatif | I88: Manuelle | L88: 16790 v1 rev 26064v2 | M88: suite en MG12 | N88: BM MG11 | O88: A | P88: 31166 | Q88: =CONCATENATE(N88," _ ",O88," _ ",G88," _ ",H88," _ ",I88," _ ",J88," _ ",K88) -> BM MG11 _ A _ Mise en culture (ensemencement) _ Qualitatif _ Manuelle _ _
A89: HOPITAL CHARLES NICOLLE CHU ROUEN | B89: Bactériologie | C89: Biologie médicale | D89: Microbiologie Générale (MICROBIOBM) | E89: Mise en culture automatisée pour recherche et identification de germes bactériens | F89: Echantillons biologiques d'origine humaine | G89: Mise en culture (ensemencement) | H89: Qualitatif | I89: Automatisée | J89: 2 | K89: Automate PreLUD (I2A) | L89: 28050 v2 rev 34127v1 | M89: suite en MG12 | N89: BM MG11 | O89: A | P89: 62240 | Q89: =CONCATENATE(N89," _ ",O89," _ ",G89," _ ",H89," _ ",I89," _ ",J89," _ ",K89) -> BM MG11 _ A _ Mise en culture (ensemencement) _ Qualitatif _ Automatisée _ 2 _ Automate PreLUD (I2A)
A90: HOPITAL CHARLES NICOLLE CHU ROUEN | B90: Bactériologie | C90: Biologie médicale | D90: Microbiologie Générale (MICROBIOBM) | E90: Identification automatisée de germes bactériens | F90: Tout échantillon biologique d'origine humaine, dispositif implantable, culture bactérienne | G90: Détermination phénotypique après culture. Colorimétrie | H90: Qualitatif | I90: Automatisée | J90: 1 | K90: Automate Vitek2 (Bio Mérieux) | L90: 14882 v3 rev 26076v3 | M90: suite en MG12 | N90: BM MG11 | O90: A | Q90: =CONCATENATE(N90," _ ",O90," _ ",G90," _ ",H90," _ ",I90," _ ",J90," _ ",K90) -> BM MG11 _ A _ Détermination phénotypique après culture. Colorimétrie _ Qualitatif _ Automatisée _ 1 _ Automate Vitek2 (Bio Mérieux)
A91: HOPITAL CHARLES NICOLLE CHU ROUEN | B91: Bactériologie | C91: Biologie médicale | D91: Microbiologie Générale (MICROBIOBM) | E91: Recherche et identification manuelle de germes bactériens et/ou de bactéries spécifiques | F91: Tout échantillon biologique d'origine humaine, dispositif implantable, culture bactérienne | G91: Détermination phénotypique après culture. Morphologie,microscopie,caractérisation par spectrométrie de masse. | H91: Qualitatif | I91: Manuelle | J91: 2 | K91: Microscope Spectromètres de masse Maldi Tof (Brucker) | L91: 16788 v1 30723 v1 rev 26079v5 | M91: suite en MG12 | N91: BM MG11 | O91: B | Q91: =CONCATENATE(N91," _ ",O91," _ ",G91," _ ",H91," _ ",I91," _ ",J91," _ ",K91) -> BM MG11 _ B _ Détermination phénotypique après culture. Morphologie,microscopie,caractérisation par spectrométrie de masse. _ Qualitatif _ Manuelle _ 2 _ Microscope Spectromètres de masse Maldi Tof (Brucker)
A92: HOPITAL CHARLES NICOLLE CHU ROUEN | B92: Bactériologie | C92: Biologie médicale | D92: Microbiologie Générale (MICROBIOBM) | E92: Examen direct après coloration pour recherche de germes bactériens | F92: Echantillon biologique d'origine humaine Autres échantillons (liés à un dispositif intra-vasculaire, liquide de dialyse, …) Culture | G92: Examen morphologique direct macro– et microscopique à l'état frais et/ou après culture, avec ou sans préparation (coloration) | H92: Qualitatif | I92: Automatisée | J92: 2 | K92: 2 colorateurs Aérospray Gram, Elitech 1 colorateur Borealys Duo GZ Gram/Ziehl, Biocentric 1 colorateur Aérospray Auramine TB, Elitech | L92: 30391 v2 | M92: suite en MG12 | N92: BM MG11 | O92: A | P92: cf ensemencement | Q92: =CONCATENATE(N92," _ ",O92," _ ",G92," _ ",H92," _ ",I92," _ ",J92," _ ",K92) -> BM MG11 _ A _ Examen morphologique direct macro– et microscopique à l'état frais et/ou après culture, avec ou sans préparation (coloration) _ Qualitatif _ Automatisée _ 2 _ 2 colorateurs Aérospray Gram, Elitech 1 colorateur Borealys Duo GZ Gram/Ziehl, Biocentric 1 colorateur Aérospray Auramine TB, Elitech
A93: HOPITAL CHARLES NICOLLE CHU ROUEN | B93: Bactériologie | C93: Biologie médicale | D93: Microbiologie Générale (MICROBIOBM) | E93: Antibiogramme automatisé de Mycobactéries du complexe tuberculosis | F93: Culture de mycobactéries du complexe tuberculosis | G93: Inhibition de croissance en milieu liquide en présence d'une certaine concentration d'antibiotique(s), après incubation. | H93: Qualitatif | I93: Automatisée | J93: 1 | K93: Automate Bactec MGIT (Becton Dickinson) | L93: 14813 v1 rev 26071v3 | N93: BM MG12 | O93: A | P93: 90 | Q93: =CONCATENATE(N93," _ ",O93," _ ",G93," _ ",H93," _ ",I93," _ ",J93," _ ",K93) -> BM MG12 _ A _ Inhibition de croissance en milieu liquide en présence d'une certaine concentration d'antibiotique(s), après incubation. _ Qualitatif _ Automatisée _ 1 _ Automate Bactec MGIT (Becton Dickinson)
A94: HOPITAL CHARLES NICOLLE CHU ROUEN | B94: Bactériologie | C94: Biologie médicale | D94: Microbiologie Générale (MICROBIOBM) | E94: Antibiogramme automatisé | F94: Culture bactérienne | G94: Inhibition de croissance en milieu liquide en présence d'une certaine concentration d'antibiotique(s), après incubation. | H94: Qualitatif | I94: Automatisée | J94: 1 | K94: Automate Vitek2 (Bio Mérieux) | L94: 10339 v5 rev 26078v3 | N94: BM MG12 | O94: A | Q94: =CONCATENATE(N94," _ ",O94," _ ",G94," _ ",H94," _ ",I94," _ ",J94," _ ",K94) -> BM MG12 _ A _ Inhibition de croissance en milieu liquide en présence d'une certaine concentration d'antibiotique(s), après incubation. _ Qualitatif _ Automatisée _ 1 _ Automate Vitek2 (Bio Mérieux)
A95: HOPITAL CHARLES NICOLLE CHU ROUEN | B95: Bactériologie | C95: Biologie médicale | D95: Microbiologie Générale (MICROBIOBM) | E95: Antibiogramme manuel | F95: Culture bactérienne | G95: Méthode de diffusion en gradient de concentration en milieu gélosé. Inhibition de croissance en présence d'une certaine concentration d'antibiotique(s)après incubation. | H95: Qualitatif | I95: Manuelle | L95: 14613 v6 | N95: BM MG12 | O95: A | Q95: =CONCATENATE(N95," _ ",O95," _ ",G95," _ ",H95," _ ",I95," _ ",J95," _ ",K95) -> BM MG12 _ A _ Méthode de diffusion en gradient de concentration en milieu gélosé. Inhibition de croissance en présence d'une certaine concentration d'antibiotique(s)après incubation. _ Qualitatif _ Manuelle _ _
A96: HOPITAL CHARLES NICOLLE CHU ROUEN | B96: Bactériologie | C96: Biologie médicale | D96: Microbiologie Générale (MICROBIOBM) | E96: Sérologie Syphilis | F96: sérum | G96: Chemiluminescence (CMIA) | H96: Quantitatif | I96: Automatisée | J96: 1 | K96: Alinity-i (Abbott) | L96: 30392 v1 | M96: ajout | N96: BM MG01 | O96: A | P96: 12158 | Q96: =CONCATENATE(N96," _ ",O96," _ ",G96," _ ",H96," _ ",I96," _ ",J96," _ ",K96) -> BM MG01 _ A _ Chemiluminescence (CMIA) _ Quantitatif _ Automatisée _ 1 _ Alinity-i (Abbott)
A97: HOPITAL CHARLES NICOLLE CHU ROUEN | B97: Bactériologie | C97: Biologie Médicale | D97: Microbiologie Générale (MICROBIOBM) | E97: Antigénurie Légionelle (test rapide) | F97: Urines | G97: immunochromatographie et immunofluorescence | H97: Qualitatif | I97: Semi-automatisée | J97: 2 | K97: Sofia 2 (Ingen) | L97: 14932 v3 | N97: BM MG03 | O97: A | P97: 1385 | Q97: =CONCATENATE(N97," _ ",O97," _ ",G97," _ ",H97," _ ",I97," _ ",J97," _ ",K97) -> BM MG03 _ A _ immunochromatographie et immunofluorescence _ Qualitatif _ Semi-automatisée _ 2 _ Sofia 2 (Ingen)
A98: HOPITAL CHARLES NICOLLE CHU ROUEN | B98: Bactériologie | C98: Biologie Médicale | D98: Microbiologie Générale (MICROBIOBM) | E98: Antigénurie Pneumocoque (test rapide) | F98: Urines / LCR | G98: immunochromatographie et immunofluorescence | H98: Qualitatif | I98: Semi-automatisée | J98: 2 | K98: Sofia 2 (Ingen) | L98: 32354 v2 | N98: BM MG03 | O98: A | P98: 1208 | Q98: =CONCATENATE(N98," _ ",O98," _ ",G98," _ ",H98," _ ",I98," _ ",J98," _ ",K98) -> BM MG03 _ A _ immunochromatographie et immunofluorescence _ Qualitatif _ Semi-automatisée _ 2 _ Sofia 2 (Ingen)
A99: HOPITAL CHARLES NICOLLE CHU ROUEN | B99: Bactériologie | C99: Biologie médicale | D99: Microbiologie Générale (MICROBIOBM) | E99: Cytologie urinaire automatisée | F99: Urines | G99: Cytométrie en flux | H99: Quantitatif | I99: Automatisée | J99: 1 | K99: Automate UF-4000 (BIOMERIEUX/Sysmex) | L99: 14883 v2 | M99: suite en MG11/MG12 | N99: BM MG07 | O99: A | P99: 32243 | Q99: =CONCATENATE(N99," _ ",O99," _ ",G99," _ ",H99," _ ",I99," _ ",J99," _ ",K99) -> BM MG07 _ A _ Cytométrie en flux _ Quantitatif _ Automatisée _ 1 _ Automate UF-4000 (BIOMERIEUX/Sysmex)
A100: HOPITAL CHARLES NICOLLE CHU ROUEN | B100: Bactériologie | C100: Biologie médicale | D100: Microbiologie Générale (MICROBIOBM) | E100: Cytologie des liquides de ponction automatisée | F100: Liquides biologiques : pleural, ascite, LCR, articulaire, dialyse péritonéale | G100: Cytométrie en flux | H100: Quantitatif | I100: Automatisée | J100: 1 | K100: Automate UF-4000 (BIOMERIEUX/Sysmex) | L100: 35359 v1 | M100: suite en MG11/MG12 | N100: BM MG07 | O100: A | P100: 3549 | Q100: =CONCATENATE(N100," _ ",O100," _ ",G100," _ ",H100," _ ",I100," _ ",J100," _ ",K100) -> BM MG07 _ A _ Cytométrie en flux _ Quantitatif _ Automatisée _ 1 _ Automate UF-4000 (BIOMERIEUX/Sysmex)
A101: HOPITAL CHARLES NICOLLE CHU ROUEN | B101: Bactériologie | C101: Biologie médicale | D101: Microbiologie Générale (MICROBIOBM) | E101: Recherche automatisée de mycobactéries en milieu liquide sur Bactec MGIT. | F101: Tout échantillon biologique d'origine humaine, sauf urines, sang et dérivés. | G101: Analyse chimique après culture par fluorescence | H101: Qualitatif | I101: Automatisée | J101: 1 | K101: Automate Bactec MGIT (Becton Dickinson) | L101: 14881 v2 rev 26062v3 | M101: suite en MG11/MG12 | N101: BM MG08 | O101: A | P101: 5597 | Q101: =CONCATENATE(N101," _ ",O101," _ ",G101," _ ",H101," _ ",I101," _ ",J101," _ ",K101) -> BM MG08 _ A _ Analyse chimique après culture par fluorescence _ Qualitatif _ Automatisée _ 1 _ Automate Bactec MGIT (Becton Dickinson)
A102: HOPITAL CHARLES NICOLLE CHU ROUEN | B102: Bactériologie | C102: Biologie médicale | D102: Microbiologie Générale (MICROBIOBM) | E102: Recherche automatisée de germes bactériens et/ou de bactéries spécifiques dans les liquides biologiques d'origine humaine | F102: Sang et dérivés, liquide biologique d'origine humaine | G102: Fluorométrie | H102: Qualitatif | I102: Automatisée | J102: 5 modules | K102: Automate Bactec 3D FX (Becton, Dickinson) | L102: 14843 v3 rev 26093v3 | M102: suite en MG11/MG12 | N102: BM MG08 | O102: A | P102: 59709 | Q102: =CONCATENATE(N102," _ ",O102," _ ",G102," _ ",H102," _ ",I102," _ ",J102," _ ",K102) -> BM MG08 _ A _ Fluorométrie _ Qualitatif _ Automatisée _ 5 modules _ Automate Bactec 3D FX (Becton, Dickinson)
A103: HOPITAL CHARLES NICOLLE CHU ROUEN | B103: Bactériologie | C103: Biologie Médicale | D103: Microbiologie Générale (MICROBIOBM) | E103: Test quantiféron : recherche de tuberculose latente | F103: serum | G103: Recherche d'IFN gamma en réponse à stimulation antigénique par immuno-chimiluminescence | H103: qualitatif | I103: automatisée | J103: 1 | K103: LIAISON XL | L103: 30388 v3 | M103: extension 2019 auditée en mai 2024 | N103: BM MG14 | O103: A | P103: 3771 | Q103: =CONCATENATE(N103," _ ",O103," _ ",G103," _ ",H103," _ ",I103," _ ",J103," _ ",K103) -> BM MG14 _ A _ Recherche d'IFN gamma en réponse à stimulation antigénique par immuno-chimiluminescence _ qualitatif _ automatisée _ 1 _ LIAISON XL
A104: HOPITAL CHARLES NICOLLE CHU ROUEN | B104: Bactériologie | C104: Biologie Médicale | D104: Bactériologie Spécialisée (BACTH) | E104: Recherche de Clostridium difficile toxinogène | F104: selles ou colonies après culture | G104: Recherche et identification de toxines et d’antigènes bactériens par immuno-chimiluminescence | H104: qualitatif | I104: automatisée | J104: 1 | K104: LIAISON XL | L104: 30389 v2 | M104: extension 2019 auditée en mai 2024 | N104: BM BA01 | O104: A | P104: 3025 | Q104: =CONCATENATE(N104," _ ",O104," _ ",G104," _ ",H104," _ ",I104," _ ",J104," _ ",K104) -> BM BA01 _ A _ Recherche et identification de toxines et d’antigènes bactériens par immuno-chimiluminescence _ qualitatif _ automatisée _ 1 _ LIAISON XL
A105: HOPITAL CHARLES NICOLLE CHU ROUEN | B105: Biochimie Générale | C105: Biologie Médicale | D105: Biochimie générale et spécialisée (BIOCHBM) | E105: Delta-4 androstènedione sérique | F105: Sang | G105: Chromatographie liquide couplée à la spectrométrie de masse en tandem LC-MS/MS | H105: Quantitatif | I105: Automatisée | J105: 1 | K105: spectromètre de masse LCMS 8060 Shimadzu couplé à une chaîne HPLC Nexera X2 Shimadzu | L105: 34829 v1 | N105: BM BB02 | O105: B | P105: 448 | Q105: =CONCATENATE(N105," _ ",O105," _ ",G105," _ ",H105," _ ",I105," _ ",J105," _ ",K105) -> BM BB02 _ B _ Chromatographie liquide couplée à la spectrométrie de masse en tandem LC-MS/MS _ Quantitatif _ Automatisée _ 1 _ spectromètre de masse LCMS 8060 Shimadzu couplé à une chaîne HPLC Nexera X2 Shimadzu
A106: HOPITAL CHARLES NICOLLE CHU ROUEN | B106: Biochimie Générale | C106: Biologie Médicale | D106: Biochimie générale et spécialisée (BIOCHBM) | E106: Testostérone sérique | F106: Sang | G106: Chromatographie liquide couplée à la spectrométrie de masse en tandem LC-MS/MS | H106: Quantitatif | I106: Automatisée | J106: 1 | K106: spectromètre de masse LCMS 8060 Shimadzu couplé à une chaîne HPLC Nexera X2 Shimadzu | L106: 34827 v1 | N106: BM BB02 | O106: B | P106: 2085 | Q106: =CONCATENATE(N106," _ ",O106," _ ",G106," _ ",H106," _ ",I106," _ ",J106," _ ",K106) -> BM BB02 _ B _ Chromatographie liquide couplée à la spectrométrie de masse en tandem LC-MS/MS _ Quantitatif _ Automatisée _ 1 _ spectromètre de masse LCMS 8060 Shimadzu couplé à une chaîne HPLC Nexera X2 Shimadzu
A107: HOPITAL CHARLES NICOLLE CHU ROUEN | B107: Biochimie Générale | C107: Biologie Médicale | D107: Biochimie générale et spécialisée (BIOCHBM) | E107: 17-OH progestérone sérique | F107: Sang | G107: Chromatographie liquide couplée à la spectrométrie de masse en tandem LC-MS/MS | H107: Quantitatif | I107: Automatisée | J107: 1 | K107: spectromètre de masse LCMS 8060 Shimadzu couplé à une chaîne HPLC Nexera X2 Shimadzu | L107: 34830 v1 | N107: BM BB02 | O107: B | P107: 839 | Q107: =CONCATENATE(N107," _ ",O107," _ ",G107," _ ",H107," _ ",I107," _ ",J107," _ ",K107) -> BM BB02 _ B _ Chromatographie liquide couplée à la spectrométrie de masse en tandem LC-MS/MS _ Quantitatif _ Automatisée _ 1 _ spectromètre de masse LCMS 8060 Shimadzu couplé à une chaîne HPLC Nexera X2 Shimadzu
A108: HOPITAL CHARLES NICOLLE CHU ROUEN | B108: Biochimie Générale | C108: Biologie Médicale | D108: Biochimie générale et spécialisée (BIOCHBM) | E108: Cortisol salivaire | F108: Salive | G108: Chromatographie liquide couplée à la spectrométrie de masse en tandem LC-MS/MS | H108: Quantitatif | I108: Automatisée | J108: 1 | K108: spectromètre de masse LCMS 8060 Shimadzu couplé à une chaîne HPLC Nexera X2 Shimadzu | L108: 37453 v1 | N108: BM BB02 | O108: B | P108: 600 | Q108: =CONCATENATE(N108," _ ",O108," _ ",G108," _ ",H108," _ ",I108," _ ",J108," _ ",K108) -> BM BB02 _ B _ Chromatographie liquide couplée à la spectrométrie de masse en tandem LC-MS/MS _ Quantitatif _ Automatisée _ 1 _ spectromètre de masse LCMS 8060 Shimadzu couplé à une chaîne HPLC Nexera X2 Shimadzu
A109: HOPITAL CHARLES NICOLLE CHU ROUEN | B109: Biochimie Générale | C109: Biologie Médicale | D109: Biochimie générale et spécialisée (BIOCHBM) | E109: Cortisol urinaire | F109: Urine | G109: Chromatographie liquide couplée à la spectrométrie de masse en tandem LC-MS/MS | H109: Quantitatif | I109: Automatisée | J109: 1 | K109: spectromètre de masse LCMS 8060 Shimadzu couplé à une chaîne HPLC Nexera X2 Shimadzu | L109: 37453 v1 | N109: BM BB02 | O109: B | P109: 628 | Q109: =CONCATENATE(N109," _ ",O109," _ ",G109," _ ",H109," _ ",I109," _ ",J109," _ ",K109) -> BM BB02 _ B _ Chromatographie liquide couplée à la spectrométrie de masse en tandem LC-MS/MS _ Quantitatif _ Automatisée _ 1 _ spectromètre de masse LCMS 8060 Shimadzu couplé à une chaîne HPLC Nexera X2 Shimadzu
A110: HOPITAL CHARLES NICOLLE CHU ROUEN | B110: Biochimie Générale | C110: Biologie Médicale | D110: Biochimie générale et spécialisée (BIOCHBM) | E110: T3 libre | F110: Sang | G110: Electrochimiluminescence | H110: Quantitatif | I110: Automatisée | J110: 1 | K110: Cobas Pro Roche | L110: 15087 v003 | M110: Changement automate: mise en production le 25/9/24 | N110: BM BB01 | O110: A | P110: 3124 | Q110: =CONCATENATE(N110," _ ",O110," _ ",G110," _ ",H110," _ ",I110," _ ",J110," _ ",K110) -> BM BB01 _ A _ Electrochimiluminescence _ Quantitatif _ Automatisée _ 1 _ Cobas Pro Roche
A111: HOPITAL CHARLES NICOLLE CHU ROUEN | B111: Biochimie Générale | C111: Biologie Médicale | D111: Biochimie générale et spécialisée (BIOCHBM) | E111: Hormone folliculo-stimulante (FSH) | F111: Sang | G111: Electrochimiluminescence | H111: Quantitatif | I111: Automatisée | J111: 1 | K111: Cobas Pro Roche | L111: 17186 v4 | M111: Changement automate: mise en production le 25/9/24 | N111: BM BB01 | O111: A | P111: 2728 | Q111: =CONCATENATE(N111," _ ",O111," _ ",G111," _ ",H111," _ ",I111," _ ",J111," _ ",K111) -> BM BB01 _ A _ Electrochimiluminescence _ Quantitatif _ Automatisée _ 1 _ Cobas Pro Roche
A112: HOPITAL CHARLES NICOLLE CHU ROUEN | B112: Biochimie Générale | C112: Biologie médicale | D112: Biochimie générale et spécialisée (BIOCHBM) | E112: IgG | F112: Sang | G112: Immunonéphélémétrie | H112: Quantitatif | I112: Automatisée | J112: 1 | K112: Optilite de The Binding Site | L112: 22258 v3 | N112: BM BB01 | O112: A | P112: 7599 | Q112: =CONCATENATE(N112," _ ",O112," _ ",G112," _ ",H112," _ ",I112," _ ",J112," _ ",K112) -> BM BB01 _ A _ Immunonéphélémétrie _ Quantitatif _ Automatisée _ 1 _ Optilite de The Binding Site
A113: HOPITAL CHARLES NICOLLE CHU ROUEN | B113: Biochimie Générale | C113: Biologie médicale | D113: Biochimie générale et spécialisée (BIOCHBM) | E113: IgM | F113: Sang | G113: Immunonéphélémétrie | H113: Quantitatif | I113: Automatisée | J113: 1 | K113: Optilite de The Binding Site | L113: 36409 v1 | N113: BM BB01 | O113: A | P113: 6822 | Q113: =CONCATENATE(N113," _ ",O113," _ ",G113," _ ",H113," _ ",I113," _ ",J113," _ ",K113) -> BM BB01 _ A _ Immunonéphélémétrie _ Quantitatif _ Automatisée _ 1 _ Optilite de The Binding Site
A114: HOPITAL CHARLES NICOLLE CHU ROUEN | B114: Biochimie Générale | C114: Biologie médicale | D114: Biochimie générale et spécialisée (BIOCHBM) | E114: IgA | F114: Sang | G114: Immunonéphélémétrie | H114: Quantitatif | I114: Automatisée | J114: 1 | K114: Optilite de The Binding Site | L114: 22259 v3 | N114: BM BB01 | O114: A | P114: 7504 | Q114: =CONCATENATE(N114," _ ",O114," _ ",G114," _ ",H114," _ ",I114," _ ",J114," _ ",K114) -> BM BB01 _ A _ Immunonéphélémétrie _ Quantitatif _ Automatisée _ 1 _ Optilite de The Binding Site
A115: HOPITAL CHARLES NICOLLE CHU ROUEN | B115: Biochimie Générale | C115: Biologie médicale | D115: Biochimie générale et spécialisée (BIOCHBM) | E115: Transthyrétine | F115: Sang | G115: Immunonéphélémétrie | H115: Quantitatif | I115: Automatisée | J115: 1 | K115: Optilite de The Binding Site | L115: 22261 v4 | N115: BM BB01 | O115: A | P115: 28527 | Q115: =CONCATENATE(N115," _ ",O115," _ ",G115," _ ",H115," _ ",I115," _ ",J115," _ ",K115) -> BM BB01 _ A _ Immunonéphélémétrie _ Quantitatif _ Automatisée _ 1 _ Optilite de The Binding Site
A116: HOPITAL CHARLES NICOLLE CHU ROUEN | B116: Biochimie Générale | C116: Biologie médicale | D116: Biochimie générale et spécialisée (BIOCHBM) | E116: Alpha 1 antitrypsine sérique | F116: Sang | G116: Immunonéphélémétrie | H116: Quantitatif | I116: Automatisée | J116: 1 | K116: Optilite de The Binding Site | L116: 25640 v5 | N116: BM BB01 | O116: A | P116: 524 | Q116: =CONCATENATE(N116," _ ",O116," _ ",G116," _ ",H116," _ ",I116," _ ",J116," _ ",K116) -> BM BB01 _ A _ Immunonéphélémétrie _ Quantitatif _ Automatisée _ 1 _ Optilite de The Binding Site
A117: HOPITAL CHARLES NICOLLE CHU ROUEN | B117: Biochimie Générale | C117: Biologie médicale | D117: Biochimie générale et spécialisée (BIOCHBM) | E117: Béta-crosslaps | F117: Sang | G117: Electrochimiluminescence | H117: Quantitatif | I117: Automatisée | J117: 1 | K117: Cobas Pro Roche | L117: 27737 v2 | M117: Changement automate: mise en production le 25/9/24 | N117: BM BB01 | O117: A | P117: 111 | Q117: =CONCATENATE(N117," _ ",O117," _ ",G117," _ ",H117," _ ",I117," _ ",J117," _ ",K117) -> BM BB01 _ A _ Electrochimiluminescence _ Quantitatif _ Automatisée _ 1 _ Cobas Pro Roche
A118: HOPITAL CHARLES NICOLLE CHU ROUEN | B118: Biochimie Générale | C118: Biologie Médicale | D118: Biochimie générale et spécialisée (BIOCHBM) | E118: AMH sanguin | F118: Sang | G118: Electrochimiluminescence utilisant deux anticorps monoclonaux spécifiques | H118: Quantitatif | I118: Automatisée | J118: 1 | K118: Cobas Pro Roche | L118: 30400 v2 | M118: Changement automate: mise en production le 25/9/24 | N118: BM BB01 | O118: A | P118: 893 | Q118: =CONCATENATE(N118," _ ",O118," _ ",G118," _ ",H118," _ ",I118," _ ",J118," _ ",K118) -> BM BB01 _ A _ Electrochimiluminescence utilisant deux anticorps monoclonaux spécifiques _ Quantitatif _ Automatisée _ 1 _ Cobas Pro Roche
...

Sheet Extensions demandées juin 2019
A1: Pôle B2P CHU de Rouen (8-3081) | C1: Liste détaillée des examens/analyses demandés à l'accréditation (réf 15081)
A2: Lieu de réalisation des opérations techniques (site) | B2: Service | C2: Domaine | D2: Sous-Famille | E2: Examen / analyse | F2: Nature de l'échantillon biologique (sang et dérivés, urine, selles, …) | G2: Principe de la méthode (préciser l'identification de l'équipement si méthode automatisée et le nombre ou préciser méthode manuelle, ainsi que la technique mise en oeuvre) | L2: Référence de la méthode (référence du document et version) | M2: Remarque(ajout, changement automate, changement de méthode, changement de réactif,…) | N2: Lignes de portée | O2: portée A/B | P2: Nombre actes réalisés en 2023
A3: HOPITAL CHARLES NICOLLE CHU ROUEN | B3: Anatomie et cytologie pathologiques | C3: Anatomie et cytologie pathologiques | D3: Génétique somatique (GENSOBM) | E3: Séquençage à Haut débit et traitement bioinformatique | F3: Acides nucléiques : ADNg ARN | G3: Détection de variants d'intérêt théranostique ou diagnostique pour les tumeurs solides par approche amplicons, séquençage parallèle massif (MiSeq Illumina) et analyse bioinformatique interne à partir d'un logiciel fournisseur | H3: qualitatif | I3: manuelle | J3: 2 | K3: séquenceur massif parallèle : MiSeq Illumina | L3: 41131 v1 41132 v1 | M3: Changement de méthode | N3: AC GS02 | O3: B | P3: 548 | Q3: =CONCATENATE(N3," _ ",O3," _ ",G3," _ ",H3," _ ",I3," _ ",J3," _ ",K3) -> AC GS02 _ B _ Détection de variants d'intérêt théranostique ou diagnostique pour les tumeurs solides par approche amplicons, séquençage parallèle massif (MiSeq Illumina) et analyse bioinformatique interne à partir d'un logiciel fournisseur _ qualitatif _ manuelle _ 2 _ séquenceur massif parallèle : MiSeq Illumina
A4: HOPITAL CHARLES NICOLLE CHU ROUEN | B4: Biologie de la Reproduction | C4: Biologie Médicale | D4: Activités Biologiques d'AMP (AMPBIOBM) | E4: Recherche et identification des spermatozoïdes, volume, mobilité, concentration | F4: Sperme Tissu testiculaire | G4: * Sperme éjaculé frais : Les spermatozoïdes sont obtenus par centrifugation et migration sur gradient de macromolécules et lavage. La mobilité des spermatozoïdes est estimée par observation au microscope. La numération des spermatozoïdes est réalisée à partir d'un hémocytomètre (cellule de Thoma) * Spermatozoïdes congelés – décongelés : Les spermatozoïdes sont obtenus par centrifugation et migration sur gradient de macromolécules et lavage. La mobilité des spermatozoïdes est estimée par observation au microscope. La numération des spermatozoïdes est réalisée à partir d'un hémocytomètre (cellule de Thoma) * Spermatozoïdes testiculaires : Les spermatozoïdes sont obtenus par dilacération mécanique du tissu testiculaire | H4: Qualitatif et Quantitatif | I4: manuelle | L4: 30339 v1 | M4: nb actes hors 415 tentatives AMP comptabilisées ci-dessous | N4: BM AP1 | O4: A | P4: 830 | Q4: =CONCATENATE(N4," _ ",O4," _ ",G4," _ ",H4," _ ",I4," _ ",J4," _ ",K4) -> BM AP1 _ A _ * Sperme éjaculé frais : Les spermatozoïdes sont obtenus par centrifugation et migration sur gradient de macromolécules et lavage. La mobilité des spermatozoïdes est estimée par observation au microscope. La numération des spermatozoïdes est réalisée à partir d'un hémocytomètre (cellule de Thoma) * Spermatozoïdes congelés – décongelés : Les spermatozoïdes sont obtenus par centrifugation et migration sur gradient de macromolécules et lavage. La mobilité des spermatozoïdes est estimée par observation au microscope. La numération des spermatozoïdes est réalisée à partir d'un hémocytomètre (cellule de Thoma) * Spermatozoïdes testiculaires : Les spermatozoïdes sont obtenus par dilacération mécanique du tissu testiculaire _ Qualitatif et Quantitatif _ manuelle _ _
A5: HOPITAL CHARLES NICOLLE CHU ROUEN | B5: Biologie de la Reproduction | C5: Biologie Médicale | D5: Activités Biologiques d'AMP (AMPBIOBM) | E5: Identification de l'ovocyte, du zygote et de l’embryon (pronuclei, globules polaires, blastomères et fragments anucléés…) | F5: Ovocyte, zygote, embryon | G5: * Recueil des gamètes et mise fécondation * Culture embryonnaire * Congélation et décongélation des ovocytes et des embryons | H5: Qualitatif | I5: manuelle | L5: 16827 v2 | N5: BM AP3 | O5: A | P5: 1147 | Q5: =CONCATENATE(N5," _ ",O5," _ ",G5," _ ",H5," _ ",I5," _ ",J5," _ ",K5) -> BM AP3 _ A _ * Recueil des gamètes et mise fécondation * Culture embryonnaire * Congélation et décongélation des ovocytes et des embryons _ Qualitatif _ manuelle _ _
O7: total actes demandé | P7: =SUM(P3:P5) -> 2525
O9: % activité demandée | P9: 0.0051597318
O11: cumul accrédité+ demandé | P11: 0.98741588

Sheet Extensions demandées oct 2021
A1: Pôle B2P CHU de Rouen (8-3081) | C1: Liste détaillée des examens/analyses demandés à l'accréditation (réf 15081)
A2: Lieu de réalisation des opérations techniques (site) | B2: Service | C2: Domaine | D2: Sous-Famille | E2: Examen / analyse | F2: Nature de l'échantillon biologique (sang et dérivés, urine, selles, …) | G2: Principe de la méthode (préciser l'identification de l'équipement si méthode automatisée et le nombre ou préciser méthode manuelle, ainsi que la technique mise en oeuvre) | L2: Référence de la méthode (référence du document et version) | M2: Remarque(ajout, changement automate, changement de méthode, changement de réactif,…) | N2: Lignes de portée | O2: portée A/B | P2: Nombre actes réalisés en 2023
A3: HOPITAL CHARLES NICOLLE CHU ROUEN | B3: Anatomie et cytologie pathologiques | C3: Anatomie et cytologie pathologiques | D3: Cytologie (CYTOACP) | E3: Examen cytologique – Observation morphologique de constituants cellulaires | F3: Prélèvement(s) cellulaire(s) d'origine humaine, en milieu liquide : frottis cervico-utérin | G3: Coloration Papanicolaou sur FCU | H3: Qualitatif | I3: Automatisée | J3: 2 | K3: Tissue-Tek Prisma Plus ThinPrep 2000 Hologic | L3: 35459 v1 | N3: AC CA01 | O3: B | P3: 1061 | Q3: =CONCATENATE(N3," _ ",O3," _ ",G3," _ ",H3," _ ",I3," _ ",J3," _ ",K3) -> AC CA01 _ B _ Coloration Papanicolaou sur FCU _ Qualitatif _ Automatisée _ 2 _ Tissue-Tek Prisma Plus ThinPrep 2000 Hologic
A4: HOPITAL CHARLES NICOLLE CHU ROUEN | B4: Immunologie | C4: Biologie Médicale | D4: Immunologie cellulaire (ICELHISTOBM) | E4: ELISPOT IFN gamma | F4: sang | G4: ELISPOT | H4: qualitatif | I4: manuelle | J4: 1 lecteur ELISPOT pour capture d'images et comptage des spots | K4: iSpot Spectrum Eurobio Scientific | L4: 35799 v1 | N4: BM IC06 | O4: B | P4: 2848 | Q4: =CONCATENATE(N4," _ ",O4," _ ",G4," _ ",H4," _ ",I4," _ ",J4," _ ",K4) -> BM IC06 _ B _ ELISPOT _ qualitatif _ manuelle _ 1 lecteur ELISPOT pour capture d'images et comptage des spots _ iSpot Spectrum Eurobio Scientific
A5: HOPITAL CHARLES NICOLLE CHU ROUEN | B5: Virologie | C5: Biologie Médicale | D5: Microbiologie Générale (MICROBIOBM) | E5: Séquençage NGS COVID-19 | F5: Ecouvillonage nasal profond, LBA | G5: Séquençage à Haut débit et Traitement bioinformatique | H5: qualitatif | I5: automatisé | J5: 1 | K5: MinIon | L5: 35598 v1 et 35804 v1 | N5: BM MG6 | O5: B | P5: 2290 | Q5: =CONCATENATE(N5," _ ",O5," _ ",G5," _ ",H5," _ ",I5," _ ",J5," _ ",K5) -> BM MG6 _ B _ Séquençage à Haut débit et Traitement bioinformatique _ qualitatif _ automatisé _ 1 _ MinIon
O8: total actes demandé (hors bio déloc) | P8: =SUM(P3:P4,P5:P5) -> 6199
O10: % activité demandée | P10: 0.0011510333
O12: cumul accrédité+ demandé | P12: 0.98856691

Sheet Extensions demandées 2024
A1: Pôle B2P CHU de Rouen (8-3081) | C1: Liste détaillée des examens/analyses demandés à l'accréditation (réf 15081)
A2: Lieu de réalisation des opérations techniques (site) | B2: Service | C2: Domaine | D2: Sous-Famille | E2: Examen / analyse | F2: Nature de l'échantillon biologique (sang et dérivés, urine, selles, …) | G2: Principe de la méthode (préciser l'identification de l'équipement si méthode automatisée et le nombre ou préciser méthode manuelle, ainsi que la technique mise en oeuvre) | L2: Référence de la méthode (référence du document et version) | M2: Remarque(ajout, changement automate, changement de méthode, changement de réactif,…) | N2: Lignes de portée | O2: portée A/B | P2: Nombre actes réalisés en 2023
A3: HOPITAL CHARLES NICOLLE CHU ROUEN | B3: Centres de prélèvement Consultation hématologie Biologie de la reproduction | C3: Biologie Médicale | D3: NA | E3: NA | F3: Sang | G3: Prélèvement par ponction veineuse directe | L3: Viskali Protocole institutionnel de prélèvement veineux périphérique (Gedi 1161) | M3: extension demandée en novembre 2024 | N3: BM PP01 | O3: NA | P3: NA | Q3: =CONCATENATE(N3," _ ",O3," _ ",G3," _ ",H3," _ ",I3," _ ",J3," _ ",K3) -> BM PP01 _ NA _ Prélèvement par ponction veineuse directe _ _ _ _
A4: HOPITAL CHARLES NICOLLE CHU ROUEN | B4: Centres de prélèvement | C4: Biologie Médicale | D4: NA | E4: NA | F4: Sang | G4: Prélèvement par ponction artérielle | L4: Viskali Protocole institutionnel de ponction artérielle | M4: extension demandée en novembre 2024 | N4: BM PP01 | O4: NA | P4: NA | Q4: =CONCATENATE(N4," _ ",O4," _ ",G4," _ ",H4," _ ",I4," _ ",J4," _ ",K4) -> BM PP01 _ NA _ Prélèvement par ponction artérielle _ _ _ _
A5: HOPITAL CHARLES NICOLLE CHU ROUEN | B5: Centres de prélèvement | C5: Biologie Médicale | D5: NA | E5: NA | F5: Urines | G5: Prélèvement par pose d’une poche pédiatrique | L5: Viskali | M5: extension demandée en novembre 2024 | N5: BM PP01 | O5: NA | P5: NA | Q5: =CONCATENATE(N5," _ ",O5," _ ",G5," _ ",H5," _ ",I5," _ ",J5," _ ",K5) -> BM PP01 _ NA _ Prélèvement par pose d’une poche pédiatrique _ _ _ _
A6: HOPITAL CHARLES NICOLLE CHU ROUEN | B6: Centres de prélèvement Biologie de la reproduction | C6: Biologie Médicale | D6: NA | E6: NA | F6: Urines | G6: Recueil des urines Prélèvement par recueil sur le site de prélèvement de poche. | L6: Viskali Protocole institutionnel de recueil des urines en vue d’un ECBU et autres examens de biologie chez un patient non sondé (Gedi 6868) Protocole institutionnel de recueil des urines chez un patient porteur d’une sonde vésicale (Gedi 245) | M6: extension demandée en novembre 2024 | N6: BM PP01 | O6: NA | P6: NA | Q6: =CONCATENATE(N6," _ ",O6," _ ",G6," _ ",H6," _ ",I6," _ ",J6," _ ",K6) -> BM PP01 _ NA _ Recueil des urines Prélèvement par recueil sur le site de prélèvement de poche. _ _ _ _
A7: HOPITAL CHARLES NICOLLE CHU ROUEN | B7: Centres de prélèvement | C7: Biologie Médicale | D7: NA | E7: NA | F7: Salive | G7: Ecouvillonnage Recueil salivaire sur buvard | L7: Viskali | M7: extension demandée en novembre 2024 | N7: BM PP01 | O7: NA | P7: NA | Q7: =CONCATENATE(N7," _ ",O7," _ ",G7," _ ",H7," _ ",I7," _ ",J7," _ ",K7) -> BM PP01 _ NA _ Ecouvillonnage Recueil salivaire sur buvard _ _ _ _
A8: HOPITAL CHARLES NICOLLE CHU ROUEN | B8: Centres de prélèvement | C8: Biologie Médicale | D8: NA | E8: NA | F8: Crachats | G8: Recueil du crachat | L8: Viskali | M8: extension demandée en novembre 2024 | N8: BM PP01 | O8: NA | P8: NA | Q8: =CONCATENATE(N8," _ ",O8," _ ",G8," _ ",H8," _ ",I8," _ ",J8," _ ",K8) -> BM PP01 _ NA _ Recueil du crachat _ _ _ _
A9: HOPITAL CHARLES NICOLLE CHU ROUEN | B9: Centres de prélèvement | C9: Biologie Médicale | D9: NA | E9: NA | F9: Selles | G9: Recueil des selles | L9: Viskali Microbiologie : Prélèvements effectués à l'unité de prélèvement (UP) (GEDI 3706) | M9: extension demandée en novembre 2024 | N9: BM PP01 | O9: NA | P9: NA | Q9: =CONCATENATE(N9," _ ",O9," _ ",G9," _ ",H9," _ ",I9," _ ",J9," _ ",K9) -> BM PP01 _ NA _ Recueil des selles _ _ _ _
A10: HOPITAL CHARLES NICOLLE CHU ROUEN | B10: Centres de prélèvement Biologie de la reproduction | C10: Biologie Médicale | D10: NA | E10: NA | F10: Prélèvements génitaux : vaginal, urétral, anal | G10: Ecouvillonnage pour examens microbiologiques | L10: Viskali Microbiologie : Prélèvements effectués à l'unité de prélèvement (UP) (GEDI 3706) | M10: extension demandée en novembre 2024 | N10: BM PP01 | O10: NA | P10: NA | Q10: =CONCATENATE(N10," _ ",O10," _ ",G10," _ ",H10," _ ",I10," _ ",J10," _ ",K10) -> BM PP01 _ NA _ Ecouvillonnage pour examens microbiologiques _ _ _ _
A11: HOPITAL CHARLES NICOLLE CHU ROUEN | B11: Biologie de la reproduction | C11: Biologie Médicale | D11: NA | E11: NA | F11: Sperme | G11: Recueil de sperme | L11: Viskali Procédure de recueil du sperme (GEDI 4106) | M11: extension demandée en novembre 2024 | N11: BM PP01 | O11: NA | P11: NA | Q11: =CONCATENATE(N11," _ ",O11," _ ",G11," _ ",H11," _ ",I11," _ ",J11," _ ",K11) -> BM PP01 _ NA _ Recueil de sperme _ _ _ _
A12: HOPITAL CHARLES NICOLLE CHU ROUEN | B12: Biologie de la reproduction | C12: Biologie Médicale | D12: NA | E12: NA | F12: Prélèvements gynécologiques | G12: Frottis cervico-vaginal | L12: Viskali Microbiologie : Prélèvements effectués à l'unité de prélèvement (UP) (GEDI 3706) | M12: extension demandée en novembre 2024 | N12: BM PP01 | O12: NA | P12: NA | Q12: =CONCATENATE(N12," _ ",O12," _ ",G12," _ ",H12," _ ",I12," _ ",J12," _ ",K12) -> BM PP01 _ NA _ Frottis cervico-vaginal _ _ _ _
A13: HOPITAL CHARLES NICOLLE CHU ROUEN | B13: Centres de prélèvement | C13: Biologie Médicale | D13: NA | E13: NA | F13: Nasopharyngés Oropharyngés | G13: Ecouvillonnage pour examens microbiologiques | L13: Viskali Microbiologie : Prélèvements effectués à l'unité de prélèvement (UP) (GEDI 3706) | M13: extension demandée en novembre 2024 | N13: BM PP01 | O13: NA | P13: NA | Q13: =CONCATENATE(N13," _ ",O13," _ ",G13," _ ",H13," _ ",I13," _ ",J13," _ ",K13) -> BM PP01 _ NA _ Ecouvillonnage pour examens microbiologiques _ _ _ _
A14: HOPITAL CHARLES NICOLLE CHU ROUEN | B14: Centres de prélèvement | C14: Biologie Médicale | D14: NA | E14: NA | F14: Peau Phanères Tissus cellulaires sous-cutanés | G14: Prélèvement cutané pour examens microbiologiques Prélèvement des phanères pour examens microbiologiques | L14: Viskali Procédure opératoire de la recherche de sarcopte (gale) (GEDI 1212) Prélèvements effectués à l'unité de prélèvement en parasitologie-mycologie 42147 | M14: extension demandée en novembre 2024 | N14: BM PP01 | O14: NA | P14: NA | Q14: =CONCATENATE(N14," _ ",O14," _ ",G14," _ ",H14," _ ",I14," _ ",J14," _ ",K14) -> BM PP01 _ NA _ Prélèvement cutané pour examens microbiologiques Prélèvement des phanères pour examens microbiologiques _ _ _ _
A15: HOPITAL CHARLES NICOLLE CHU ROUEN | B15: Consultation hématologie Services de soins | C15: Biologie Médicale | D15: NA | E15: NA | F15: Moelle osseuse | G15: Ponction sternale ou iliaque | L15: Viskali Protocole de prélèvement du myélogramme GEDI 1768 | M15: extension demandée en novembre 2024 | N15: BM PP01 | O15: NA | P15: NA | Q15: =CONCATENATE(N15," _ ",O15," _ ",G15," _ ",H15," _ ",I15," _ ",J15," _ ",K15) -> BM PP01 _ NA _ Ponction sternale ou iliaque _ _ _ _

Sheet Extensions demandées 2025
A1: Pôle B2P CHU de Rouen (8-3081) | C1: Liste détaillée des examens/analyses demandés à l'accréditation (réf 15081)
A2: Lieu de réalisation des opérations techniques (site) | B2: Service | C2: Domaine | D2: Sous-Famille | E2: Examen / analyse | F2: Nature de l'échantillon biologique (sang et dérivés, urine, selles, …) | G2: Principe de la méthode (préciser l'identification de l'équipement si méthode automatisée et le nombre ou préciser méthode manuelle, ainsi que la technique mise en oeuvre) | L2: Référence de la méthode (référence du document et version) | M2: Remarque(ajout, changement automate, changement de méthode, changement de réactif,…) | N2: Lignes de portée | O2: portée A/B | P2: Nombre actes réalisés en 2024
A3: HOPITAL CHARLES NICOLLE CHU ROUEN | B3: Virologie | C3: Biologie Médicale | D3: Microbiologie Générale (MICROBIOBM) | E3: Séquençage NGS de résistance VIH | F3: plasma, sang total EDTA | G3: Séquençage à Haut débit et Traitement bioinformatique | H3: Qualitatif | I3: Automatisée | J3: 1 | K3: MiSeq Illumina | L3: 42326 v1 | N3: BM MG06 | O3: B | P3: 117 (à partir d'aout 24) | Q3: =CONCATENATE(N3," _ ",O3," _ ",G3," _ ",H3," _ ",I3," _ ",J3," _ ",K3) -> BM MG06 _ B _ Séquençage à Haut débit et Traitement bioinformatique _ Qualitatif _ Automatisée _ 1 _ MiSeq Illumina
A4: HOPITAL CHARLES NICOLLE CHU ROUEN | B4: Hématologie | C4: Biologie Médicale | D4: Hématocytologie (HEMATOBM) | E4: Détermination de l'hématocrite par centrifugation | F4: Sang total EDTA | G4: Détermination de l'hématocrite par centrifugation avec des tubes capillaires auto-étanchéifiables | H4: Quantitatif | I4: manuelle | L4: 31151 v1 | N4: BM HB03 | O4: A | P4: 48 | Q4: =CONCATENATE(N4," _ ",O4," _ ",G4," _ ",H4," _ ",I4," _ ",J4," _ ",K4) -> BM HB03 _ A _ Détermination de l'hématocrite par centrifugation avec des tubes capillaires auto-étanchéifiables _ Quantitatif _ manuelle _ _
A5: CENTRE HOSPITALIER SAINT JULIEN | B5: Virologie | C5: Biologie Médicale | D5: Virologie Spécialisée (VIROH) | E5: PCR Grippe VRS SARS-CoV-2 | F5: écouvillons naso-pharyngés en milieu de transport viral | G5: Détection d'acides nucléiques avec ou sans amplification, après extraction et purification (hybridation, PCR, …) – Biologie moléculaire | H5: Qualitatif | I5: Automatisée | J5: 3 | K5: Cepheid, GeneXpert | L5: 36105 v3 | N5: BM VB01 | O5: A | P5: 716 | Q5: =CONCATENATE(N5," _ ",O5," _ ",G5," _ ",H5," _ ",I5," _ ",J5," _ ",K5) -> BM VB01 _ A _ Détection d'acides nucléiques avec ou sans amplification, après extraction et purification (hybridation, PCR, …) – Biologie moléculaire _ Qualitatif _ Automatisée _ 3 _ Cepheid, GeneXpert
Q6: =CONCATENATE(N6," _ ",O6," _ ",G6," _ ",H6," _ ",I6," _ ",J6," _ ",K6) -> _ _ _ _ _ _
Q7: =CONCATENATE(N7," _ ",O7," _ ",G7," _ ",H7," _ ",I7," _ ",J7," _ ",K7) -> _ _ _ _ _ _
Q8: =CONCATENATE(N8," _ ",O8," _ ",G8," _ ",H8," _ ",I8," _ ",J8," _ ",K8) -> _ _ _ _ _ _
Q9: =CONCATENATE(N9," _ ",O9," _ ",G9," _ ",H9," _ ",I9," _ ",J9," _ ",K9) -> _ _ _ _ _ _
Q10: =CONCATENATE(N10," _ ",O10," _ ",G10," _ ",H10," _ ",I10," _ ",J10," _ ",K10) -> _ _ _ _ _ _
Q11: =CONCATENATE(N11," _ ",O11," _ ",G11," _ ",H11," _ ",I11," _ ",J11," _ ",K11) -> _ _ _ _ _ _
Q12: =CONCATENATE(N12," _ ",O12," _ ",G12," _ ",H12," _ ",I12," _ ",J12," _ ",K12) -> _ _ _ _ _ _
Q13: =CONCATENATE(N13," _ ",O13," _ ",G13," _ ",H13," _ ",I13," _ ",J13," _ ",K13) -> _ _ _ _ _ _

Sheet FLEXI+
A1: Site | B1: Lieu de réalisation des opérations | C1: Examen / analyse | D1: Nature de l'échantillon biologique/de la région anatomique | E1: Principe de la méthode | F1: Référence de la méthode | G1: Nature de l'évolution (ajout, changement affectant les performances de la méthode, ...) et Remarque
A2: ='Examens accrédités et ajouts'!A15 -> HOPITAL CHARLES NICOLLE CHU ROUEN | B2: ='Examens accrédités et ajouts'!B15 -> Biochimie Générale | C2: ='Examens accrédités et ajouts'!E15 -> Créatine kinase | D2: ='Examens accrédités et ajouts'!F15 -> Sang | E2: ='Examens accrédités et ajouts'!Q15 -> BM BB01 _ A _ Cinétique enzymatique standardisée IFCC _ Quantitatif _ Automatisée _ 1 _ Cobas Pro Roche | F2: ='Examens accrédités et ajouts'!L15 -> 10608 v4 | G2: ='Examens accrédités et ajouts'!M15 -> Changement automate: mise en production le 25/9/24
A3: ='Examens accrédités et ajouts'!A16 -> HOPITAL CHARLES NICOLLE CHU ROUEN | B3: ='Examens accrédités et ajouts'!B16 -> Biochimie Générale | C3: ='Examens accrédités et ajouts'!E16 -> Potassium | D3: ='Examens accrédités et ajouts'!F16 -> Sang | E3: ='Examens accrédités et ajouts'!Q16 -> BM BB01 _ A _ Potentiométrie indirecte _ Quantitatif _ Automatisée _ 3 _ Cobas Pro Roche | F3: ='Examens accrédités et ajouts'!L16 -> 10674 v6 | G3: ='Examens accrédités et ajouts'!M16 -> Changement automate: mise en production le 25/9/24 et 16/12/2024
A4: ='Examens accrédités et ajouts'!A17 -> HOPITAL CHARLES NICOLLE CHU ROUEN | B4: ='Examens accrédités et ajouts'!B17 -> Biochimie Générale | C4: ='Examens accrédités et ajouts'!E17 -> Troponine T | D4: ='Examens accrédités et ajouts'!F17 -> Sang | E4: ='Examens accrédités et ajouts'!Q17 -> BM BB01 _ A _ Electrochimiluminescence _ Quantitatif _ Automatisée _ 3 _ Cobas Pro Roche | F4: ='Examens accrédités et ajouts'!L17 -> 10673 v6 | G4: ='Examens accrédités et ajouts'!M17 -> Changement automate: mise en production le 25/9/24 et 16/12/2024
A5: ='Examens accrédités et ajouts'!A18 -> HOPITAL CHARLES NICOLLE CHU ROUEN | B5: ='Examens accrédités et ajouts'!B18 -> Biochimie Générale | C5: ='Examens accrédités et ajouts'!E18 -> Phosphatases alcalines | D5: ='Examens accrédités et ajouts'!F18 -> Sang | E5: ='Examens accrédités et ajouts'!Q18 -> BM BB01 _ A _ Colorimétrie enzymatique _ Quantitatif _ Automatisée _ 3 _ Cobas Pro Roche | F5: ='Examens accrédités et ajouts'!L18 -> 14978 v004 | G5: ='Examens accrédités et ajouts'!M18 -> Changement automate: mise en production le 25/9/24 et 16/12/2024
A6: ='Examens accrédités et ajouts'!A19 -> HOPITAL CHARLES NICOLLE CHU ROUEN | B6: ='Examens accrédités et ajouts'!B19 -> Biochimie Générale | C6: ='Examens accrédités et ajouts'!E19 -> Magnésium | D6: ='Examens accrédités et ajouts'!F19 -> Sang | E6: ='Examens accrédités et ajouts'!Q19 -> BM BB01 _ A _ Colorimétrie _ Quantitatif _ Automatisée _ 2 _ Cobas Pro Roche | F6: ='Examens accrédités et ajouts'!L19 -> 15040 v005 | G6: ='Examens accrédités et ajouts'!M19 -> Changement automate: mise en production le 25/9/24 et 16/12/2024
A7: ='Examens accrédités et ajouts'!A20 -> HOPITAL CHARLES NICOLLE CHU ROUEN | B7: ='Examens accrédités et ajouts'!B20 -> Biochimie Générale | C7: ='Examens accrédités et ajouts'!E20 -> Chlore | D7: ='Examens accrédités et ajouts'!F20 -> Sang | E7: ='Examens accrédités et ajouts'!Q20 -> BM BB01 _ A _ Potentiométrie indirecte _ Quantitatif _ Automatisée _ 3 _ Cobas Pro Roche | F7: ='Examens accrédités et ajouts'!L20 -> 15038 v006 | G7: ='Examens accrédités et ajouts'!M20 -> Changement automate: mise en production le 25/9/24 et 16/12/2024
A8: ='Examens accrédités et ajouts'!A21 -> HOPITAL CHARLES NICOLLE CHU ROUEN | B8: ='Examens accrédités et ajouts'!B21 -> Biochimie Générale | C8: ='Examens accrédités et ajouts'!E21 -> Lipase | D8: ='Examens accrédités et ajouts'!F21 -> Sang | E8: ='Examens accrédités et ajouts'!Q21 -> BM BB01 _ A _ Colorimétrie enzymatique _ Quantitatif _ Automatisée _ 2 _ Cobas Pro Roche | F8: ='Examens accrédités et ajouts'!L21 -> 15039 v008 | G8: ='Examens accrédités et ajouts'!M21 -> Changement automate: mise en production le 25/9/24 et 16/12/2024
A9: ='Examens accrédités et ajouts'!A22 -> HOPITAL CHARLES NICOLLE CHU ROUEN | B9: ='Examens accrédités et ajouts'!B22 -> Biochimie Générale | C9: ='Examens accrédités et ajouts'!E22 -> Calcium | D9: ='Examens accrédités et ajouts'!F22 -> Sang | E9: ='Examens accrédités et ajouts'!Q22 -> BM BB01 _ A _ Colorimétrie _ Quantitatif _ Automatisée _ 3 _ Cobas Pro Roche | F9: ='Examens accrédités et ajouts'!L22 -> 15026 v005 | G9: ='Examens accrédités et ajouts'!M22 -> Changement automate: mise en production le 25/9/24 et 16/12/2024
A10: ='Examens accrédités et ajouts'!A23 -> HOPITAL CHARLES NICOLLE CHU ROUEN | B10: ='Examens accrédités et ajouts'!B23 -> Biochimie Générale | C10: ='Examens accrédités et ajouts'!E23 -> Urée | D10: ='Examens accrédités et ajouts'!F23 -> Sang | E10: ='Examens accrédités et ajouts'!Q23 -> BM BB01 _ A _ Méthode enzymatique (Uréase) _ Quantitatif _ Automatisée _ 3 _ Cobas Pro Roche | F10: ='Examens accrédités et ajouts'!L23 -> 15075 v006 | G10: ='Examens accrédités et ajouts'!M23 -> Changement automate: mise en production le 25/9/24 et 16/12/2024
A11: ='Examens accrédités et ajouts'!A24 -> HOPITAL CHARLES NICOLLE CHU ROUEN | B11: ='Examens accrédités et ajouts'!B24 -> Biochimie Générale | C11: ='Examens accrédités et ajouts'!E24 -> Thyréostimuline | D11: ='Examens accrédités et ajouts'!F24 -> Sang | E11: ='Examens accrédités et ajouts'!Q24 -> BM BB01 _ A _ Electrochimiluminescence _ Quantitatif _ Automatisée _ 2 _ Cobas pro Roche | F11: ='Examens accrédités et ajouts'!L24 -> 15073 v003 | G11: ='Examens accrédités et ajouts'!M24 -> Changement automate: mise en production le 25/9/24
A12: ='Examens accrédités et ajouts'!A25 -> HOPITAL CHARLES NICOLLE CHU ROUEN | B12: ='Examens accrédités et ajouts'!B25 -> Biochimie Générale | C12: ='Examens accrédités et ajouts'!E25 -> Sodium | D12: ='Examens accrédités et ajouts'!F25 -> Sang | E12: ='Examens accrédités et ajouts'!Q25 -> BM BB01 _ A _ Potentiométrie indirecte _ Quantitatif _ Automatisée _ 3 _ Cobas Pro Roche | F12: ='Examens accrédités et ajouts'!L25 -> 15067 v006 | G12: ='Examens accrédités et ajouts'!M25 -> Changement automate: mise en production le 25/9/24 et 16/12/2024
A13: ='Examens accrédités et ajouts'!A26 -> HOPITAL CHARLES NICOLLE CHU ROUEN | B13: ='Examens accrédités et ajouts'!B26 -> Biochimie Générale | C13: ='Examens accrédités et ajouts'!E26 -> Protides | D13: ='Examens accrédités et ajouts'!F26 -> Sang | E13: ='Examens accrédités et ajouts'!Q26 -> BM BB01 _ A _ Colorimétrique (Biuret) _ Quantitatif _ Automatisée _ 3 _ Cobas Pro Roche | F13: ='Examens accrédités et ajouts'!L26 -> 15030 v007 | G13: ='Examens accrédités et ajouts'!M26 -> Changement automate: mise en production le 25/9/24 et 16/12/2024
... A617: ='Examens accrédités et ajouts'!A630 -> 0 | B617: ='Examens accrédités et ajouts'!B630 -> 0 | C617: ='Examens accrédités et ajouts'!E630 -> 0 | D617: ='Examens accrédités et ajouts'!F630 -> 0 | E617: ='Examens accrédités et ajouts'!Q630 -> _ _ _ _ _ _ | F617: ='Examens accrédités et ajouts'!L630 -> 0 | G617: ='Examens accrédités et ajouts'!M630 -> 0
A618: ='Examens accrédités et ajouts'!A630 -> 0 | B618: ='Examens accrédités et ajouts'!B630 -> 0 | C618: ='Examens accrédités et ajouts'!E630 -> 0 | D618: ='Examens accrédités et ajouts'!F630 -> 0 | E618: ='Examens accrédités et ajouts'!Q630 -> _ _ _ _ _ _ | F618: ='Examens accrédités et ajouts'!L630 -> 0 | G618: ='Examens accrédités et ajouts'!M630 -> 0
A619: ='Examens accrédités et ajouts'!A631 -> 0 | B619: ='Examens accrédités et ajouts'!B631 -> 0 | C619: ='Examens accrédités et ajouts'!E631 -> 0 | D619: ='Examens accrédités et ajouts'!F631 -> 0 | E619: ='Examens accrédités et ajouts'!Q631 -> _ _ _ _ _ _ | F619: ='Examens accrédités et ajouts'!L631 -> 0 | G619: ='Examens accrédités et ajouts'!M631 -> 0
A620: ='Examens accrédités et ajouts'!A632 -> 0 | B620: ='Examens accrédités et ajouts'!B632 -> 0 | C620: ='Examens accrédités et ajouts'!E632 -> 0 | D620: ='Examens accrédités et ajouts'!F632 -> 0 | E620: ='Examens accrédités et ajouts'!Q632 -> 0 | F620: ='Examens accrédités et ajouts'!L632 -> 0 | G620: ='Examens accrédités et ajouts'!M632 -> 0
A621: ='Examens accrédités et ajouts'!A633 -> 0 | B621: ='Examens accrédités et ajouts'!B633 -> 0 | C621: ='Examens accrédités et ajouts'!E633 -> 0 | D621: ='Examens accrédités et ajouts'!F633 -> 0 | E621: ='Examens accrédités et ajouts'!Q633 -> 0 | F621: ='Examens accrédités et ajouts'!L633 -> 0 | G621: ='Examens accrédités et ajouts'!M633 -> 0
A622: ='Examens accrédités et ajouts'!A634 -> 0 | B622: ='Examens accrédités et ajouts'!B634 -> 0 | C622: ='Examens accrédités et ajouts'!E634 -> 0 | D622: ='Examens accrédités et ajouts'!F634 -> 0 | E622: ='Examens accrédités et ajouts'!Q634 -> 0 | F622: ='Examens accrédités et ajouts'!L634 -> 0 | G622: ='Examens accrédités et ajouts'!M634 -> 0
A623: ='Examens accrédités et ajouts'!A635 -> 0 | B623: ='Examens accrédités et ajouts'!B635 -> 0 | C623: ='Examens accrédités et ajouts'!E635 -> 0 | D623: ='Examens accrédités et ajouts'!F635 -> 0 | E623: ='Examens accrédités et ajouts'!Q635 -> 0 | F623: ='Examens accrédités et ajouts'!L635 -> 0 | G623: ='Examens accrédités et ajouts'!M635 -> 0
A624: ='Examens accrédités et ajouts'!A636 -> 0 | B624: ='Examens accrédités et ajouts'!B636 -> 0 | C624: ='Examens accrédités et ajouts'!E636 -> 0 | D624: ='Examens accrédités et ajouts'!F636 -> 0 | E624: ='Examens accrédités et ajouts'!Q636 -> % activité _ _ _ _ _ _ | F624: ='Examens accrédités et ajouts'!L636 -> 0 | G624: ='Examens accrédités et ajouts'!M636 -> 0
A625: ='Examens accrédités et ajouts'!A637 -> 0 | B625: ='Examens accrédités et ajouts'!B637 -> 0 | C625: ='Examens accrédités et ajouts'!E637 -> 0 | D625: ='Examens accrédités et ajouts'!F637 -> 0 | E625: ='Examens accrédités et ajouts'!Q637 -> 0 | F625: ='Examens accrédités et ajouts'!L637 -> 0 | G625: ='Examens accrédités et ajouts'!M637 -> 0
A626: ='Examens accrédités et ajouts'!A638 -> HOPITAL CHARLES NICOLLE CHU ROUEN | B626: ='Examens accrédités et ajouts'!B638 -> Centres de prélèvement | C626: ='Examens accrédités et ajouts'!E638 -> NA | D626: ='Examens accrédités et ajouts'!F638 -> Peau Phanères Tissus cellulaires sous-cutanés | E626: ='Examens accrédités et ajouts'!Q638 -> BM PP01 _ NA _ Prélèvement cutané pour examens microbiologiques Prélèvement des phanères pour examens microbiologiques _ _ _ _ | F626: ='Examens accrédités et ajouts'!L638 -> Viskali Procédure opératoire de la recherche de sarcopte (gale) (GEDI 1212) MO prélèvement mycologique | G626: ='Examens accrédités et ajouts'!M638 -> extension demandée en novembre 2024
A627: ='Examens accrédités et ajouts'!A639 -> HOPITAL CHARLES NICOLLE CHU ROUEN | B627: ='Examens accrédités et ajouts'!B639 -> Consultation hématologie Services de soins | C627: ='Examens accrédités et ajouts'!E639 -> NA | D627: ='Examens accrédités et ajouts'!F639 -> Moelle osseuse | E627: ='Examens accrédités et ajouts'!Q639 -> BM PP01 _ NA _ Ponction sternale ou iliaque _ _ _ _ | F627: ='Examens accrédités et ajouts'!L639 -> Viskali Protocole de prélèvement du myélogramme GEDI 1768 | G627: ='Examens accrédités et ajouts'!M639 -> extension demandée en novembre 2024
A628: ='Examens accrédités et ajouts'!A640 -> 0 | B628: ='Examens accrédités et ajouts'!B640 -> 0 | C628: ='Examens accrédités et ajouts'!E640 -> 0 | D628: ='Examens accrédités et ajouts'!F640 -> 0 | E628: ='Examens accrédités et ajouts'!Q640 -> 0 | F628: ='Examens accrédités et ajouts'!L640 -> 0 | G628: ='Examens accrédités et ajouts'!M640 -> 0
A629: ='Examens accrédités et ajouts'!A641 -> 0 | B629: ='Examens accrédités et ajouts'!B641 -> 0 | C629: ='Examens accrédités et ajouts'!E641 -> 0 | D629: ='Examens accrédités et ajouts'!F641 -> 0 | E629: ='Examens accrédités et ajouts'!Q641 -> 0 | F629: ='Examens accrédités et ajouts'!L641 -> 0 | G629: ='Examens accrédités et ajouts'!M641 -> 0
... A687: ='Examens accrédités et ajouts'!A699 -> 0 | B687: ='Examens accrédités et ajouts'!B699 -> 0 | C687: ='Examens accrédités et ajouts'!E699 -> 0 | D687: ='Examens accrédités et ajouts'!F699 -> 0 | E687: ='Examens accrédités et ajouts'!Q699 -> 0 | F687: ='Examens accrédités et ajouts'!L699 -> 0 | G687: ='Examens accrédités et ajouts'!M699 -> 0
A688: ='Examens accrédités et ajouts'!A698 -> 0 | B688: ='Examens accrédités et ajouts'!B698 -> 0 | C688: ='Examens accrédités et ajouts'!E698 -> 0 | D688: ='Examens accrédités et ajouts'!F698 -> 0 | E688: ='Examens accrédités et ajouts'!Q698 -> 0 | F688: ='Examens accrédités et ajouts'!L698 -> 0 | G688: ='Examens accrédités et ajouts'!M698 -> 0
A689: ='Examens accrédités et ajouts'!A699 -> 0 | B689: ='Examens accrédités et ajouts'!B699 -> 0 | C689: ='Examens accrédités et ajouts'!E699 -> 0 | D689: ='Examens accrédités et ajouts'!F699 -> 0 | E689: ='Examens accrédités et ajouts'!Q699 -> 0 | F689: ='Examens accrédités et ajouts'!L699 -> 0 | G689: ='Examens accrédités et ajouts'!M699 -> 0
A690: ='Examens accrédités et ajouts'!A700 -> 0 | B690: ='Examens accrédités et ajouts'!B700 -> 0 | C690: ='Examens accrédités et ajouts'!E700 -> 0 | D690: ='Examens accrédités et ajouts'!F700 -> 0 | E690: ='Examens accrédités et ajouts'!Q700 -> 0 | F690: ='Examens accrédités et ajouts'!L700 -> 0 | G690: ='Examens accrédités et ajouts'!M700 -> 0
A691: ='Examens accrédités et ajouts'!A701 -> 0 | B691: ='Examens accrédités et ajouts'!B701 -> 0 | C691: ='Examens accrédités et ajouts'!E701 -> 0 | D691: ='Examens accrédités et ajouts'!F701 -> 0 | E691: ='Examens accrédités et ajouts'!Q701 -> 0 | F691: ='Examens accrédités et ajouts'!L701 -> 0 | G691: ='Examens accrédités et ajouts'!M701 -> 0
A692: ='Examens accrédités et ajouts'!A702 -> 0 | B692: ='Examens accrédités et ajouts'!B702 -> 0 | C692: ='Examens accrédités et ajouts'!E702 -> 0 | D692: ='Examens accrédités et ajouts'!F702 -> 0 | E692: ='Examens accrédités et ajouts'!Q702 -> 0 | F692: ='Examens accrédités et ajouts'!L702 -> 0 | G692: ='Examens accrédités et ajouts'!M702 -> 0
A693: ='Examens accrédités et ajouts'!A703 -> 0 | B693: ='Examens accrédités et ajouts'!B703 -> 0 | C693: ='Examens accrédités et ajouts'!E703 -> 0 | D693: ='Examens accrédités et ajouts'!F703 -> 0 | E693: ='Examens accrédités et ajouts'!Q703 -> 0 | F693: ='Examens accrédités et ajouts'!L703 -> 0 | G693: ='Examens accrédités et ajouts'!M703 -> 0
A694: ='Examens accrédités et ajouts'!A704 -> 0 | B694: ='Examens accrédités et ajouts'!B704 -> 0 | C694: ='Examens accrédités et ajouts'!E704 -> 0 | D694: ='Examens accrédités et ajouts'!F704 -> 0 | E694: ='Examens accrédités et ajouts'!Q704 -> 0 | F694: ='Examens accrédités et ajouts'!L704 -> 0 | G694: ='Examens accrédités et ajouts'!M704 -> 0
A695: ='Examens accrédités et ajouts'!A705 -> 0 | B695: ='Examens accrédités et ajouts'!B705 -> 0 | C695: ='Examens accrédités et ajouts'!E705 -> 0 | D695: ='Examens accrédités et ajouts'!F705 -> 0 | E695: ='Examens accrédités et ajouts'!Q705 -> 0 | F695: ='Examens accrédités et ajouts'!L705 -> 0 | G695: ='Examens accrédités et ajouts'!M705 -> 0
A696: ='Examens accrédités et ajouts'!A706 -> 0 | B696: ='Examens accrédités et ajouts'!B706 -> 0 | C696: ='Examens accrédités et ajouts'!E706 -> 0 | D696: ='Examens accrédités et ajouts'!F706 -> 0 | E696: ='Examens accrédités et ajouts'!Q706 -> 0 | F696: ='Examens accrédités et ajouts'!L706 -> 0 | G696: ='Examens accrédités et ajouts'!M706 -> 0
A697: ='Examens accrédités et ajouts'!A707 -> 0 | B697: ='Examens accrédités et ajouts'!B707 -> 0 | C697: ='Examens accrédités et ajouts'!E707 -> 0 | D697: ='Examens accrédités et ajouts'!F707 -> 0 | E697: ='Examens accrédités et ajouts'!Q707 -> 0 | F697: ='Examens accrédités et ajouts'!L707 -> 0 | G697: ='Examens accrédités et ajouts'!M707 -> 0
A698: ='Examens accrédités et ajouts'!A708 -> 0 | B698: ='Examens accrédités et ajouts'!B708 -> 0 | C698: ='Examens accrédités et ajouts'!E708 -> 0 | D698: ='Examens accrédités et ajouts'!F708 -> 0 | E698: ='Examens accrédités et ajouts'!Q708 -> 0 | F698: ='Examens accrédités et ajouts'!L708 -> 0 | G698: ='Examens accrédités et ajouts'!M708 -> 0
A699: ='Examens accrédités et ajouts'!A709 -> 0 | B699: ='Examens accrédités et ajouts'!B709 -> 0 | C699: ='Examens accrédités et ajouts'!E709 -> 0 | D699: ='Examens accrédités et ajouts'!F709 -> 0 | E699: ='Examens accrédités et ajouts'!Q709 -> 0 | F699: ='Examens accrédités et ajouts'!L709 -> 0 | G699: ='Examens accrédités et ajouts'!M709 -> 0
... A764: ='Examens accrédités et ajouts'!A774 -> 0 | B764: ='Examens accrédités et ajouts'!B774 -> 0 | C764: ='Examens accrédités et ajouts'!E774 -> 0 | D764: ='Examens accrédités et ajouts'!F774 -> 0 | E764: ='Examens accrédités et ajouts'!Q774 -> 0 | F764: ='Examens accrédités et ajouts'!L774 -> 0 | G764: ='Examens accrédités et ajouts'!M774 -> 0
B765: ='Examens accrédités et ajouts'!B788 -> 0 | C765: ='Examens accrédités et ajouts'!E788 -> 0 | D765: ='Examens accrédités et ajouts'!F788 -> 0 | E765: ='Examens accrédités et ajouts'!Q788 -> 0 | F765: ='Examens accrédités et ajouts'!L788 -> 0 | G765: ='Examens accrédités et ajouts'!M788 -> 0
B766: ='Examens accrédités et ajouts'!B789 -> 0 | C766: ='Examens accrédités et ajouts'!E789 -> 0 | D766: ='Examens accrédités et ajouts'!F789 -> 0 | E766: ='Examens accrédités et ajouts'!Q789 -> 0 | F766: ='Examens accrédités et ajouts'!L789 -> 0 | G766: ='Examens accrédités et ajouts'!M789 -> 0
B767: ='Examens accrédités et ajouts'!B790 -> 0 | C767: ='Examens accrédités et ajouts'!E790 -> 0 | D767: ='Examens accrédités et ajouts'!F790 -> 0 | E767: ='Examens accrédités et ajouts'!Q790 -> 0 | F767: ='Examens accrédités et ajouts'!L790 -> 0 | G767: ='Examens accrédités et ajouts'!M790 -> 0
B768: ='Examens accrédités et ajouts'!B791 -> 0 | C768: ='Examens accrédités et ajouts'!E791 -> 0 | D768: ='Examens accrédités et ajouts'!F791 -> 0 | E768: ='Examens accrédités et ajouts'!Q791 -> 0 | F768: ='Examens accrédités et ajouts'!L791 -> 0 | G768: ='Examens accrédités et ajouts'!M791 -> 0

Sheet EBMD
A1: Site | B1: Site EBMD | C1: Lieu de réalisation des opérations | D1: Examen / analyse | E1: Nature de l'échantillon biologique/de la région anatomique | F1: Principe de la méthode | G1: Référence de la méthode | H1: Nature de l'évolution (ajout, changement affectant les performances de la méthode, ...) et Remarque | I1: Flexi
A2: HOPITAL CHARLES NICOLLE CHU ROUEN | B2: HOPITAL CHARLES NICOLLE CHU ROUEN | C2: Site Charles Nicolle Fédération cœur Thorax Vaisseaux Anesthésiologie/UF 2172 | D2: pH (Gaz du sang) | E2: Sang total artériel et veineux | F2: BM BB06 _ A _ Potentiométrie directe _ Quantitatif _ Automatisée _ 1 _ GEM Premier 5000 N° série: 24067194 N° BIO: 24X125 | G2: 42402 V1 | H2: Janvier 2025 Changement d'automate Changement de direction des BLOCS Opératoires => Fédération cœur Thorax Vaisseaux | I2: OK
A3: HOPITAL CHARLES NICOLLE CHU ROUEN | B3: HOPITAL CHARLES NICOLLE CHU ROUEN | C3: Site Charles Nicolle Fédération cœur Thorax Vaisseaux Anesthésiologie/UF 2172 | D3: pCO2 (Gaz du sang) | E3: Sang total artériel et veineux | F3: BM BB06 _ A _ Potentiométrie _ Quantitatif _ Automatisée _ 1 _ GEM Premier 5000 N° série: 24067194 N° BIO: 24X125 | G3: 42402 V1 | H3: Janvier 2025 Changement d'automate Changement de direction des BLOCS Opératoires => Fédération cœur Thorax Vaisseaux | I3: OK
A4: HOPITAL CHARLES NICOLLE CHU ROUEN | B4: HOPITAL CHARLES NICOLLE CHU ROUEN | C4: Site Charles Nicolle Fédération cœur Thorax Vaisseaux Anesthésiologie/UF 2172 | D4: Sodium (Gaz du sang) | E4: Sang total artériel, capillaire, veineux, artério-veineux | F4: BM BB06 _ A _ Potentiométrie directe _ Quantitatif _ Automatisée _ 1 _ GEM Premier 5000 N° série: 24067194 N° BIO: 24X125 | G4: 42402 V1 | H4: Janvier 2025 Changement d'automate Changement de direction des BLOCS Opératoires => Fédération cœur Thorax Vaisseaux | I4: OK
A5: HOPITAL CHARLES NICOLLE CHU ROUEN | B5: HOPITAL CHARLES NICOLLE CHU ROUEN | C5: Site Charles Nicolle Fédération cœur Thorax Vaisseaux Anesthésiologie/UF 2172 | D5: Potassium (Gaz du sang) | E5: Sang total artériel, capillaire, veineux, artério-veineux | F5: BM BB06 _ A _ Potentiométrie directe _ Quantitatif _ Automatisée _ 1 _ GEM Premier 5000 N° série: 24067194 N° BIO: 24X125 | G5: 42402 V1 | H5: Janvier 2025 Changement d'automate Changement de direction des BLOCS Opératoires => Fédération cœur Thorax Vaisseaux | I5: OK
A6: HOPITAL CHARLES NICOLLE CHU ROUEN | B6: HOPITAL CHARLES NICOLLE CHU ROUEN | C6: Site Charles Nicolle Fédération cœur Thorax Vaisseaux Anesthésiologie/UF 2172 | D6: Lactate (Gaz du sang) | E6: Sang total artériel, capillaire, veineux, artério-veineux | F6: BM BB06 _ A _ Ampérométrie _ Quantitatif _ Automatisée _ 1 _ GEM Premier 5000 N° série: 24067194 N° BIO: 24X125 | G6: 42402 V1 | H6: Janvier 2025 Changement d'automate Changement de direction des BLOCS Opératoires => Fédération cœur Thorax Vaisseaux | I6: OK
A7: HOPITAL CHARLES NICOLLE CHU ROUEN | B7: HOPITAL CHARLES NICOLLE CHU ROUEN | C7: Site Charles Nicolle Fédération cœur Thorax Vaisseaux Anesthésiologie/UF 2172 | D7: PO2 (Gaz du sang) | E7: Sang total artériel, capillaire, veineux, artério-veineux | F7: BM BB06 _ A _ Ampérométrie _ Quantitatif _ Automatisée _ 1 _ GEM Premier 5000 N° série: 24067194 N° BIO: 24X125 | G7: 42402 V1 | H7: Janvier 2025 Changement d'automate Changement de direction des BLOCS Opératoires => Fédération cœur Thorax Vaisseaux | I7: OK
A8: HOPITAL CHARLES NICOLLE CHU ROUEN | B8: HOPITAL CHARLES NICOLLE CHU ROUEN | C8: Site Charles Nicolle Fédération cœur Thorax Vaisseaux Anesthésiologie/UF 2172 | D8: Glucose (Gaz du sang) | E8: Sang total artériel, capillaire, veineux, artério-veineux | F8: BM BB06 _ A _ Ampérométrie _ Quantitatif _ Automatisée _ 1 _ GEM Premier 5000 N° série: 24067194 N° BIO: 24X125 | G8: 42402 V1 | H8: Janvier 2025 Changement d'automate Changement de direction des BLOCS Opératoires => Fédération cœur Thorax Vaisseaux | I8: OK
A9: HOPITAL CHARLES NICOLLE CHU ROUEN | B9: HOPITAL CHARLES NICOLLE CHU ROUEN | C9: Site Charles Nicolle Fédération cœur Thorax Vaisseaux Anesthésiologie/UF 2172 | D9: Hémoglobine totale (Gaz du sang) | E9: Sang total artériel, capillaire, veineux, artério-veineux | F9: BM BB06 _ A _ CO-Oxymétrie _ Quantitatif _ Automatisée _ 1 _ GEM Premier 5000 N° série: 24067194 N° BIO: 24X125 | G9: 42402 V1 | H9: Janvier 2025 Changement d'automate Changement de direction des BLOCS Opératoires => Fédération cœur Thorax Vaisseaux | I9: OK
A10: HOPITAL CHARLES NICOLLE CHU ROUEN | B10: HOPITAL CHARLES NICOLLE CHU ROUEN | C10: Site Charles Nicolle Pole FME Réanimation pédiatrique/UF 5661 | D10: pH (Gaz du sang) | E10: Sang total artériel et veineux | F10: BM BB06 _ A _ Potentiométrie directe _ Quantitatif _ Automatisée _ 1 _ GEM Premier 5000 N° série: 24087614 N° BIO: 24X128 | G10: 42386 V1 | H10: Ajout dans la portée d'accréditation | I10: OK
A11: HOPITAL CHARLES NICOLLE CHU ROUEN | B11: HOPITAL CHARLES NICOLLE CHU ROUEN | C11: Site Charles Nicolle Pole FME Réanimation pédiatrique/UF 5661 | D11: pCO2 (Gaz du sang) | E11: Sang total artériel et veineux | F11: BM BB06 _ A _ Potentiométrie _ Quantitatif _ Automatisée _ 1 _ GEM Premier 5000 N° série: 24087614 N° BIO: 24X128 | G11: 42386 V1 | H11: Ajout dans la portée d'accréditation | I11: OK
A12: HOPITAL CHARLES NICOLLE CHU ROUEN | B12: HOPITAL CHARLES NICOLLE CHU ROUEN | C12: Site Charles Nicolle Pole FME Réanimation pédiatrique/UF 5661 | D12: Sodium (Gaz du sang) | E12: Sang total artériel, capillaire, veineux, artério-veineux | F12: BM BB06 _ A _ Potentiométrie directe _ Quantitatif _ Automatisée _ 1 _ GEM Premier 5000 N° série: 24087614 N° BIO: 24X128 | G12: 42386 V1 | H12: Ajout dans la portée d'accréditation | I12: OK
... A41: HOPITAL CHARLES NICOLLE CHU ROUEN | B41: HOPITAL CHARLES NICOLLE CHU ROUEN | C41: Site Charles Nicolle Pole RAS Réanimation chirugicale et médecine / UF6280 | D41: Hémoglobine totale (Gaz du sang) | E41: Sang total artériel, capillaire, veineux, artério-veineux | F41: BM BB06 _ A _ CO-Oxymétrie _ Quantitatif _ Automatisée _ 1 _ GEM Premier 5000 N° série: 24087616 N° BIO: 24X126 | G41: 43608 V1 | H41: Ajout dans la portée d'accréditation | I41: OK
A42: HOPITAL CHARLES NICOLLE CHU ROUEN | B42: HOPITAL CHARLES NICOLLE CHU ROUEN | C42: Site Charles Nicolle Pole FME Salle de naissance / UF2620 | D42: pH (Gaz du sang) | E42: Sang total artériel et veineux | F42: BM BB06 _ A _ Potentiométrie directe _ Quantitatif _ Automatisée _ 1 _ GEM Premier 5000 N° série: 20054658 N° BIO: 20 460 | G42: 42941 V1 | H42: Ajout dans la portée d'accréditation
A43: HOPITAL CHARLES NICOLLE CHU ROUEN | B43: HOPITAL CHARLES NICOLLE CHU ROUEN | C43: Site Charles Nicolle Pole FME Salle de naissance / UF2620 | D43: pCO2 (Gaz du sang) | E43: Sang total artériel et veineux | F43: BM BB06 _ A _ Potentiométrie _ Quantitatif _ Automatisée _ 1 _ GEM Premier 5000 N° série: 20054658 N° BIO: 20 460 | G43: 42941 V1 | H43: Ajout dans la portée d'accréditation
A44: HOPITAL CHARLES NICOLLE CHU ROUEN | B44: HOPITAL CHARLES NICOLLE CHU ROUEN | C44: Site Charles Nicolle Pole FME Salle de naissance / UF2620 | D44: Sodium (Gaz du sang) | E44: Sang total artériel, capillaire, veineux, artério-veineux | F44: BM BB06 _ A _ Potentiométrie directe _ Quantitatif _ Automatisée _ 1 _ GEM Premier 5000 N° série: 24087616 N° BIO: 24X126 | G44: 42941 V1 | H44: Ajout dans la portée d'accréditation
A45: HOPITAL CHARLES NICOLLE CHU ROUEN | B45: HOPITAL CHARLES NICOLLE CHU ROUEN | C45: Site Charles Nicolle Pole FME Salle de naissance / UF2620 | D45: Potassium (Gaz du sang) | E45: Sang total artériel, capillaire, veineux, artério-veineux | F45: BM BB06 _ A _ Potentiométrie directe _ Quantitatif _ Automatisée _ 1 _ GEM Premier 5000 N° série: 20054658 N° BIO: 20 460 | G45: 42941 V1 | H45: Ajout dans la portée d'accréditation
A46: HOPITAL CHARLES NICOLLE CHU ROUEN | B46: HOPITAL CHARLES NICOLLE CHU ROUEN | C46: Site Charles Nicolle Pole FME Salle de naissance / UF2620 | D46: Lactate (Gaz du sang) | E46: Sang total artériel, capillaire, veineux, artério-veineux | F46: BM BB06 _ A _ Ampérométrie _ Quantitatif _ Automatisée _ 1 _ GEM Premier 5000 N° série: 20054658 N° BIO: 20 460 | G46: 42941 V1 | H46: Ajout dans la portée d'accréditation
A47: HOPITAL CHARLES NICOLLE CHU ROUEN | B47: HOPITAL CHARLES NICOLLE CHU ROUEN | C47: Site Charles Nicolle Pole FME Salle de naissance / UF2620 | D47: PO2 (Gaz du sang) | E47: Sang total artériel, capillaire, veineux, artério-veineux | F47: BM BB06 _ A _ Ampérométrie _ Quantitatif _ Automatisée _ 1 _ GEM Premier 5000 N° série: 24087616 N° BIO: 24X126 | G47: 42941 V1 | H47: Ajout dans la portée d'accréditation
A48: HOPITAL CHARLES NICOLLE CHU ROUEN | B48: HOPITAL CHARLES NICOLLE CHU ROUEN | C48: Site Charles Nicolle Pole FME Salle de naissance / UF2620 | D48: Glucose (Gaz du sang) | E48: Sang total artériel, capillaire, veineux, artério-veineux | F48: BM BB06 _ A _ Ampérométrie _ Quantitatif _ Automatisée _ 1 _ GEM Premier 5000 N° série: 20054658 N° BIO: 20 460 | G48: 42941 V1 | H48: Ajout dans la portée d'accréditation
A49: HOPITAL CHARLES NICOLLE CHU ROUEN | B49: HOPITAL CHARLES NICOLLE CHU ROUEN | C49: Site Charles Nicolle Pole FME Salle de naissance / UF2620 | D49: Hémoglobine totale (Gaz du sang) | E49: Sang total artériel, capillaire, veineux, artério-veineux | F49: BM BB06 _ A _ CO-Oxymétrie _ Quantitatif _ Automatisée _ 1 _ GEM Premier 5000 N° série: 20054658 N° BIO: 20 460 | G49: 42941 V1 | H49: Ajout dans la portée d'accréditation
A50: HOPITAL CHARLES NICOLLE CHU ROUEN | B50: HOPITAL CHARLES NICOLLE CHU ROUEN | C50: Site Charles Nicolle Fédération cœur Thorax Vaisseaux Anesthésiologie/UF 2172 | D50: Test Viscoélastique | E50: Sang total | F50: BM CB04 _ A _ Sonorhéométrie _ Quantitatif _ Automatisée _ 1 _ Quantra (Stago) 20X131 N°série 80 | G50: 35819 V1 | H50: Changement de direction des BLOCS opératoires | I50: OK
A51: HOPITAL CHARLES NICOLLE CHU ROUEN | B51: HOPITAL CHARLES NICOLLE CHU ROUEN | C51: Site Charles Nicolle Pole RAS Réanimation chirugie cardiaque/UF 6242 | D51: Test Viscoélastique | E51: Sang total | F51: BM CB04 _ A _ Sonorhéométrie _ Quantitatif _ Automatisée _ 1 _ Quantra (Stago) 19_227 N°série 00130 | G51: 35819 V1 | H51: Ajout dans la portée d'accréditation | I51: OK
A52: HOPITAL CHARLES NICOLLE CHU ROUEN | B52: HOPITAL CHARLES NICOLLE CHU ROUEN | C52: Site Charles Nicolle Pole RAS Bloc Maternité / UF2150 | D52: Test Viscoélastique | E52: Sang total | F52: BM CB04 _ A _ Sonorhéométrie _ Quantitatif _ Automatisée _ 1 _ Quantra (Stago) 24X150 N°série 00500 | G52: 42519 V1 | H52: Ajout dans la portée d'accréditation | I52: OK
Q267: =EBMD!I2=CONCATENATE(N267," _ ",O267," _ ",G267," _ ",H267," _ ",I267," _ ",J267," _ ",K267) -> FALSE

Sheet EBMD Extension 2025
A1: Site | B1: Site EBMD | C1: Lieu de réalisation des opérations | D1: Examen / analyse | E1: Nature de l'échantillon biologique/de la région anatomique | F1: Principe de la méthode | G1: Référence de la méthode | H1: Nature de l'évolution (ajout, changement affectant les performances de la méthode, ...) et Remarque
A2: HOPITAL CHARLES NICOLLE CHU ROUEN | B2: HOPITAL BOIS GUILLAUME | C2: Site Bois Guillaume PoleVISCERAL Hémodialyse Néphrologie /UF 5570 | D2: pH (Gaz du sang) | E2: Sang total artériel et veineux | F2: BM BB06 _ A _ Potentiométrie directe _ Quantitatif _ Automatisée _ 1 _ GEM Premier 5000 N° série: 24087611 N° BIO: 24X130 | G2: 42799V1 | H2: Extension juin 2025
A3: HOPITAL CHARLES NICOLLE CHU ROUEN | B3: HOPITAL BOIS GUILLAUME | C3: Site Bois Guillaume PoleVISCERAL Hémodialyse Néphrologie /UF 5570 | D3: pCO2 (Gaz du sang) | E3: Sang total artériel et veineux | F3: BM BB06 _ A _ Potentiométrie _ Quantitatif _ Automatisée _ 1 _ GEM Premier 5000 N° série: 24087611 N° BIO: 24X130 | G3: 42799V1 | H3: Extension juin 2025
A4: HOPITAL CHARLES NICOLLE CHU ROUEN | B4: HOPITAL BOIS GUILLAUME | C4: Site Bois Guillaume PoleVISCERAL Hémodialyse Néphrologie /UF 5570 | D4: Sodium (Gaz du sang) | E4: Sang total artériel, capillaire, veineux, artério-veineux | F4: BM BB06 _ A _ Potentiométrie directe _ Quantitatif _ Automatisée _ 1 _ GEM Premier 5000 N° série: 24087611 N° BIO: 24X130 | G4: 42799V1 | H4: Extension juin 2025
A5: HOPITAL CHARLES NICOLLE CHU ROUEN | B5: HOPITAL BOIS GUILLAUME | C5: Site Bois Guillaume PoleVISCERAL Hémodialyse Néphrologie /UF 5570 | D5: Potassium (Gaz du sang) | E5: Sang total artériel, capillaire, veineux, artério-veineux | F5: BM BB06 _ A _ Potentiométrie directe _ Quantitatif _ Automatisée _ 1 _ GEM Premier 5000 N° série: 24087611 N° BIO: 24X130 | G5: 42799V1 | H5: Extension juin 2025
A6: HOPITAL CHARLES NICOLLE CHU ROUEN | B6: HOPITAL BOIS GUILLAUME | C6: Site Bois Guillaume PoleVISCERAL Hémodialyse Néphrologie /UF 5570 | D6: Lactate (Gaz du sang) | E6: Sang total artériel, capillaire, veineux, artério-veineux | F6: BM BB06 _ A _ Ampérométrie _ Quantitatif _ Automatisée _ 1 _ GEM Premier 5000 N° série: 24087611 N° BIO: 24X130 | G6: 42799V1 | H6: Extension juin 2025
A7: HOPITAL CHARLES NICOLLE CHU ROUEN | B7: HOPITAL BOIS GUILLAUME | C7: Site Bois Guillaume PoleVISCERAL Hémodialyse Néphrologie /UF 5570 | D7: PO2 (Gaz du sang) | E7: Sang total artériel, capillaire, veineux, artério-veineux | F7: BM BB06 _ A _ Ampérométrie _ Quantitatif _ Automatisée _ 1 _ GEM Premier 5000 N° série: 24087611 N° BIO: 24X130 | G7: 42799V1 | H7: Extension juin 2025
A8: HOPITAL CHARLES NICOLLE CHU ROUEN | B8: HOPITAL BOIS GUILLAUME | C8: Site Bois Guillaume PoleVISCERAL Hémodialyse Néphrologie /UF 5570 | D8: Glucose (Gaz du sang) | E8: Sang total artériel, capillaire, veineux, artério-veineux | F8: BM BB06 _ A _ Ampérométrie _ Quantitatif _ Automatisée _ 1 _ GEM Premier 5000 N° série: 24087611 N° BIO: 24X130 | G8: 42799V1 | H8: Extension juin 2025
A9: HOPITAL CHARLES NICOLLE CHU ROUEN | B9: HOPITAL BOIS GUILLAUME | C9: Site Bois Guillaume PoleVISCERAL Hémodialyse Néphrologie /UF 5570 | D9: Hémoglobine totale (Gaz du sang) | E9: Sang total artériel, capillaire, veineux, artério-veineux | F9: BM BB06 _ A _ CO-Oxymétrie _ Quantitatif _ Automatisée _ 1 _ GEM Premier 5000 N° série: 24087611 N° BIO: 24X130 | G9: 42799V1 | H9: Extension juin 2025
A10: HOPITAL CHARLES NICOLLE CHU ROUEN | B10: CENTRE HOSPITALIER SAINT JULIEN | C10: Site Saint Julien Pole MEDECINE Urgences | D10: pH (Gaz du sang) | E10: Sang total artériel et veineux | F10: BM BB06 _ A _ Potentiométrie directe _ Quantitatif _ Automatisée _ 1 _ GEM Premier 5000 N° série: 22092658 N° BIO: 23 326 | G10: 34241 V6 | H10: Extension juin 2025
A11: HOPITAL CHARLES NICOLLE CHU ROUEN | B11: CENTRE HOSPITALIER SAINT JULIEN | C11: Site Saint Julien Pole MEDECINE Urgences | D11: pCO2 (Gaz du sang) | E11: Sang total artériel et veineux | F11: BM BB06 _ A _ Potentiométrie _ Quantitatif _ Automatisée _ 1 _ GEM Premier 5000 N° série: 22092658 N° BIO: 23 326 | G11: 34241 V6 | H11: Extension juin 2025
A12: HOPITAL CHARLES NICOLLE CHU ROUEN | B12: CENTRE HOSPITALIER SAINT JULIEN | C12: Site Saint Julien Pole MEDECINE Urgences | D12: Sodium (Gaz du sang) | E12: Sang total artériel, capillaire, veineux, artério-veineux | F12: BM BB06 _ A _ Potentiométrie directe _ Quantitatif _ Automatisée _ 1 _ GEM Premier 5000 N° série: 22092658 N° BIO: 23 326 | G12: 34241 V6 | H12: Extension juin 2025
... A17: HOPITAL CHARLES NICOLLE CHU ROUEN | B17: CENTRE HOSPITALIER SAINT JULIEN | C17: Site Saint Julien Pole MEDECINE Urgences | D17: Hémoglobine totale (Gaz du sang) | E17: Sang total artériel, capillaire, veineux, artério-veineux | F17: BM BB06 _ A _ CO-Oxymétrie _ Quantitatif _ Automatisée _ 1 _ GEM Premier 5000 N° série: 22092658 N° BIO: 23 326 | G17: 34241 V6 | H17: Extension juin 2025

Sheet FLEXI+ PP01
A1: Site | B1: Lieu de réalisation des opérations | C1: Nature de l'échantillon biologique/de la région anatomique | D1: Principe de la méthode | E1: Référence de la méthode | F1: Nature de l'évolution (ajout, changement affectant les performances de la méthode, ...) et Remarque
A2: HOPITAL CHARLES NICOLLE CHU ROUEN | B2: ='[1]Examens accrédités et ajouts'!B622 -> Centres de prélèvement | C2: ='[1]Examens accrédités et ajouts'!F622 -> Urines | D2: ='[1]Examens accrédités et ajouts'!Q622 -> BM PP01 _ NA _ Prélèvement par pose d’une poche pédiatrique _ _ _ _ | E2: ='[1]Examens accrédités et ajouts'!L622 -> Viskali | F2: ='[1]Examens accrédités et ajouts'!M622 -> extension demandée en novembre 2024
A3: HOPITAL CHARLES NICOLLE CHU ROUEN | B3: ='[1]Examens accrédités et ajouts'!B623 -> Centres de prélèvement Biologie de la reproduction | C3: ='[1]Examens accrédités et ajouts'!F623 -> Urines | D3: ='[1]Examens accrédités et ajouts'!Q623 -> BM PP01 _ NA _ Recueil des urines Prélèvement par recueil sur le site de prélèvement de poche. _ _ _ _ | E3: ='[1]Examens accrédités et ajouts'!L623 -> Viskali Protocole institutionnel de recueil des urines en vue d’un ECBU et autres examens de biologie chez un patient non sondé (Gedi 6868) Protocole institutionnel de recueil des urines chez un patient porteur d’une sonde vésicale (Gedi 245) | F3: ='[1]Examens accrédités et ajouts'!M623 -> extension demandée en novembre 2024
A4: HOPITAL CHARLES NICOLLE CHU ROUEN | B4: ='[1]Examens accrédités et ajouts'!B624 -> Centres de prélèvement | C4: ='[1]Examens accrédités et ajouts'!F624 -> Salive | D4: ='[1]Examens accrédités et ajouts'!Q624 -> BM PP01 _ NA _ Ecouvillonnage Recueil salivaire sur buvard _ _ _ _ | E4: ='[1]Examens accrédités et ajouts'!L624 -> Viskali | F4: ='[1]Examens accrédités et ajouts'!M624 -> extension demandée en novembre 2024
A5: HOPITAL CHARLES NICOLLE CHU ROUEN | B5: ='[1]Examens accrédités et ajouts'!B625 -> Centres de prélèvement | C5: ='[1]Examens accrédités et ajouts'!F625 -> Crachats | D5: ='[1]Examens accrédités et ajouts'!Q625 -> BM PP01 _ NA _ Recueil du crachat _ _ _ _ | E5: ='[1]Examens accrédités et ajouts'!L625 -> Viskali | F5: ='[1]Examens accrédités et ajouts'!M625 -> extension demandée en novembre 2024
A6: HOPITAL CHARLES NICOLLE CHU ROUEN | B6: ='[1]Examens accrédités et ajouts'!B626 -> Centres de prélèvement | C6: ='[1]Examens accrédités et ajouts'!F626 -> Selles | D6: ='[1]Examens accrédités et ajouts'!Q626 -> BM PP01 _ NA _ Recueil des selles _ _ _ _ | E6: ='[1]Examens accrédités et ajouts'!L626 -> Viskali Microbiologie : Prélèvements effectués à l'unité de prélèvement (UP) (GEDI 3706) | F6: ='[1]Examens accrédités et ajouts'!M626 -> extension demandée en novembre 2024
A7: HOPITAL CHARLES NICOLLE CHU ROUEN | B7: ='[1]Examens accrédités et ajouts'!B627 -> Centres de prélèvement Biologie de la reproduction | C7: ='[1]Examens accrédités et ajouts'!F627 -> Prélèvements génitaux : vaginal, urétral, anal | D7: ='[1]Examens accrédités et ajouts'!Q627 -> BM PP01 _ NA _ Ecouvillonnage pour examens microbiologiques _ _ _ _ | E7: ='[1]Examens accrédités et ajouts'!L627 -> Viskali Microbiologie : Prélèvements effectués à l'unité de prélèvement (UP) (GEDI 3706) | F7: ='[1]Examens accrédités et ajouts'!M627 -> extension demandée en novembre 2024
A8: HOPITAL CHARLES NICOLLE CHU ROUEN | B8: ='[1]Examens accrédités et ajouts'!B628 -> Biologie de la reproduction | C8: ='[1]Examens accrédités et ajouts'!F628 -> Sperme | D8: ='[1]Examens accrédités et ajouts'!Q628 -> BM PP01 _ NA _ Recueil de sperme _ _ _ _ | E8: ='[1]Examens accrédités et ajouts'!L628 -> Viskali Procédure de recueil du sperme (GEDI 4106) | F8: ='[1]Examens accrédités et ajouts'!M628 -> extension demandée en novembre 2024
A9: HOPITAL CHARLES NICOLLE CHU ROUEN | B9: ='[1]Examens accrédités et ajouts'!B629 -> Biologie de la reproduction | C9: ='[1]Examens accrédités et ajouts'!F629 -> Prélèvements gynécologiques | D9: ='[1]Examens accrédités et ajouts'!Q629 -> BM PP01 _ NA _ Frottis cervico-vaginal _ _ _ _ | E9: ='[1]Examens accrédités et ajouts'!L629 -> Viskali Microbiologie : Prélèvements effectués à l'unité de prélèvement (UP) (GEDI 3706) | F9: ='[1]Examens accrédités et ajouts'!M629 -> extension demandée en novembre 2024
A10: HOPITAL CHARLES NICOLLE CHU ROUEN | B10: ='[1]Examens accrédités et ajouts'!B630 -> Centres de prélèvement | C10: ='[1]Examens accrédités et ajouts'!F630 -> Nasopharyngés Oropharyngés | D10: ='[1]Examens accrédités et ajouts'!Q630 -> BM PP01 _ NA _ Ecouvillonnage pour examens microbiologiques _ _ _ _ | E10: ='[1]Examens accrédités et ajouts'!L630 -> Viskali Microbiologie : Prélèvements effectués à l'unité de prélèvement (UP) (GEDI 3706) | F10: ='[1]Examens accrédités et ajouts'!M630 -> extension demandée en novembre 2024
A11: HOPITAL CHARLES NICOLLE CHU ROUEN | B11: ='[1]Examens accrédités et ajouts'!B631 -> Centres de prélèvement | C11: ='[1]Examens accrédités et ajouts'!F631 -> Peau Phanères Tissus cellulaires sous-cutanés | D11: ='[1]Examens accrédités et ajouts'!Q631 -> BM PP01 _ NA _ Prélèvement cutané pour examens microbiologiques Prélèvement des phanères pour examens microbiologiques _ _ _ _ | E11: ='[1]Examens accrédités et ajouts'!L631 -> Viskali Procédure opératoire de la recherche de sarcopte (gale) (GEDI 1212) MO prélèvement mycologique | F11: ='[1]Examens accrédités et ajouts'!M631 -> extension demandée en novembre 2024
A12: HOPITAL CHARLES NICOLLE CHU ROUEN | B12: ='[1]Examens accrédités et ajouts'!B632 -> Consultation hématologie Services de soins | C12: ='[1]Examens accrédités et ajouts'!F632 -> Moelle osseuse | D12: ='[1]Examens accrédités et ajouts'!Q632 -> BM PP01 _ NA _ Ponction sternale ou iliaque _ _ _ _ | E12: ='[1]Examens accrédités et ajouts'!L632 -> Viskali Protocole de prélèvement du myélogramme GEDI 1768 | F12: ='[1]Examens accrédités et ajouts'!M632 -> extension demandée en novembre 2024
A13: HOPITAL CHARLES NICOLLE CHU ROUEN | B13: ='[1]Examens accrédités et ajouts'!B633 -> 0 | C13: ='[1]Examens accrédités et ajouts'!F633 -> 0 | D13: ='[1]Examens accrédités et ajouts'!Q633 -> _ _ _ _ _ _ | E13: ='[1]Examens accrédités et ajouts'!L633 -> 0 | F13: ='[1]Examens accrédités et ajouts'!M633 -> 0
A14: HOPITAL CHARLES NICOLLE CHU ROUEN | B14: ='[1]Examens accrédités et ajouts'!B634 -> 0 | C14: ='[1]Examens accrédités et ajouts'!F634 -> 0 | D14: ='[1]Examens accrédités et ajouts'!Q634 -> _ _ _ _ _ _ | E14: ='[1]Examens accrédités et ajouts'!L634 -> 0 | F14: ='[1]Examens accrédités et ajouts'!M634 -> 0
A15: ='[1]Examens accrédités et ajouts'!A635 -> 0 | B15: ='[1]Examens accrédités et ajouts'!B635 -> 0 | C15: ='[1]Examens accrédités et ajouts'!F635 -> 0 | D15: ='[1]Examens accrédités et ajouts'!Q635 -> 0 | E15: ='[1]Examens accrédités et ajouts'!L635 -> 0 | F15: ='[1]Examens accrédités et ajouts'!M635 -> 0
A16: 0 | B16: ='[1]Examens accrédités et ajouts'!B646 -> 0 | C16: ='[1]Examens accrédités et ajouts'!F646 -> 0 | D16: ='[1]Examens accrédités et ajouts'!Q646 -> 0 | E16: ='[1]Examens accrédités et ajouts'!L646 -> 0 | F16: ='[1]Examens accrédités et ajouts'!M646 -> 0
A17: 0 | B17: ='[1]Examens accrédités et ajouts'!B647 -> 0 | C17: ='[1]Examens accrédités et ajouts'!F647 -> 0 | D17: ='[1]Examens accrédités et ajouts'!Q647 -> 0 | E17: ='[1]Examens accrédités et ajouts'!L647 -> 0 | F17: ='[1]Examens accrédités et ajouts'!M647 -> 0
A18: 0 | B18: ='[1]Examens accrédités et ajouts'!B648 -> 0 | C18: ='[1]Examens accrédités et ajouts'!F648 -> 0 | D18: ='[1]Examens accrédités et ajouts'!Q648 -> 0 | E18: ='[1]Examens accrédités et ajouts'!L648 -> 0 | F18: ='[1]Examens accrédités et ajouts'!M648 -> 0
A19: 0 | B19: ='[1]Examens accrédités et ajouts'!B649 -> 0 | C19: ='[1]Examens accrédités et ajouts'!F649 -> 0 | D19: ='[1]Examens accrédités et ajouts'!Q649 -> 0 | E19: ='[1]Examens accrédités et ajouts'!L649 -> 0 | F19: ='[1]Examens accrédités et ajouts'!M649 -> 0
A20: 0 | B20: ='[1]Examens accrédités et ajouts'!B650 -> 0 | C20: ='[1]Examens accrédités et ajouts'!F650 -> 0 | D20: ='[1]Examens accrédités et ajouts'!Q650 -> 0 | E20: ='[1]Examens accrédités et ajouts'!L650 -> 0 | F20: ='[1]Examens accrédités et ajouts'!M650 -> 0
A21: 0 | B21: ='[1]Examens accrédités et ajouts'!B651 -> 0 | C21: ='[1]Examens accrédités et ajouts'!F651 -> 0 | D21: ='[1]Examens accrédités et ajouts'!Q651 -> 0 | E21: ='[1]Examens accrédités et ajouts'!L651 -> 0 | F21: ='[1]Examens accrédités et ajouts'!M651 -> 0
A22: 0 | B22: ='[1]Examens accrédités et ajouts'!B652 -> 0 | C22: ='[1]Examens accrédités et ajouts'!F652 -> 0 | D22: ='[1]Examens accrédités et ajouts'!Q652 -> 0 | E22: ='[1]Examens accrédités et ajouts'!L652 -> 0 | F22: ='[1]Examens accrédités et ajouts'!M652 -> 0
A23: 0 | B23: ='[1]Examens accrédités et ajouts'!B653 -> 0 | C23: ='[1]Examens accrédités et ajouts'!F653 -> 0 | D23: ='[1]Examens accrédités et ajouts'!Q653 -> 0 | E23: ='[1]Examens accrédités et ajouts'!L653 -> 0 | F23: ='[1]Examens accrédités et ajouts'!M653 -> 0
A24: 0 | B24: ='[1]Examens accrédités et ajouts'!B654 -> 0 | C24: ='[1]Examens accrédités et ajouts'!F654 -> 0 | D24: ='[1]Examens accrédités et ajouts'!Q654 -> 0 | E24: ='[1]Examens accrédités et ajouts'!L654 -> 0 | F24: ='[1]Examens accrédités et ajouts'!M654 -> 0
A25: 0 | B25: ='[1]Examens accrédités et ajouts'!B655 -> 0 | C25: ='[1]Examens accrédités et ajouts'!F655 -> 0 | D25: ='[1]Examens accrédités et ajouts'!Q655 -> 0 | E25: ='[1]Examens accrédités et ajouts'!L655 -> 0 | F25: ='[1]Examens accrédités et ajouts'!M655 -> 0
A26: 0 | B26: ='[1]Examens accrédités et ajouts'!B656 -> 0 | C26: ='[1]Examens accrédités et ajouts'!F656 -> 0 | D26: ='[1]Examens accrédités et ajouts'!Q656 -> 0 | E26: ='[1]Examens accrédités et ajouts'!L656 -> 0 | F26: ='[1]Examens accrédités et ajouts'!M656 -> 0
A27: 0 | B27: ='[1]Examens accrédités et ajouts'!B657 -> 0 | C27: ='[1]Examens accrédités et ajouts'!F657 -> 0 | D27: ='[1]Examens accrédités et ajouts'!Q657 -> 0 | E27: ='[1]Examens accrédités et ajouts'!L657 -> 0 | F27: ='[1]Examens accrédités et ajouts'!M657 -> 0
... A71: 0 | B71: ='[1]Examens accrédités et ajouts'!B701 -> 0 | C71: ='[1]Examens accrédités et ajouts'!F701 -> 0 | D71: ='[1]Examens accrédités et ajouts'!Q701 -> 0 | E71: ='[1]Examens accrédités et ajouts'!L701 -> 0 | F71: ='[1]Examens accrédités et ajouts'!M701 -> 0
B72: ='[1]Examens accrédités et ajouts'!B702 -> 0 | C72: ='[1]Examens accrédités et ajouts'!F702 -> 0 | D72: ='[1]Examens accrédités et ajouts'!Q702 -> 0 | E72: ='[1]Examens accrédités et ajouts'!L702 -> 0 | F72: ='[1]Examens accrédités et ajouts'!M702 -> 0
B73: ='[1]Examens accrédités et ajouts'!B703 -> 0 | C73: ='[1]Examens accrédités et ajouts'!F703 -> 0 | D73: ='[1]Examens accrédités et ajouts'!Q703 -> 0 | E73: ='[1]Examens accrédités et ajouts'!L703 -> 0 | F73: ='[1]Examens accrédités et ajouts'!M703 -> 0
B74: ='[1]Examens accrédités et ajouts'!B704 -> 0 | C74: ='[1]Examens accrédités et ajouts'!F704 -> 0 | D74: ='[1]Examens accrédités et ajouts'!Q704 -> 0 | E74: ='[1]Examens accrédités et ajouts'!L704 -> 0 | F74: ='[1]Examens accrédités et ajouts'!M704 -> 0
B75: ='[1]Examens accrédités et ajouts'!B705 -> 0 | C75: ='[1]Examens accrédités et ajouts'!F705 -> 0 | D75: ='[1]Examens accrédités et ajouts'!Q705 -> 0 | E75: ='[1]Examens accrédités et ajouts'!L705 -> 0 | F75: ='[1]Examens accrédités et ajouts'!M705 -> 0
B76: ='[1]Examens accrédités et ajouts'!B706 -> 0 | C76: ='[1]Examens accrédités et ajouts'!F706 -> 0 | D76: ='[1]Examens accrédités et ajouts'!Q706 -> 0 | E76: ='[1]Examens accrédités et ajouts'!L706 -> 0 | F76: ='[1]Examens accrédités et ajouts'!M706 -> 0
B77: ='[1]Examens accrédités et ajouts'!B707 -> 0 | C77: ='[1]Examens accrédités et ajouts'!F707 -> 0 | D77: ='[1]Examens accrédités et ajouts'!Q707 -> 0 | E77: ='[1]Examens accrédités et ajouts'!L707 -> 0 | F77: ='[1]Examens accrédités et ajouts'!M707 -> 0
B78: ='[1]Examens accrédités et ajouts'!B708 -> 0 | C78: ='[1]Examens accrédités et ajouts'!F708 -> 0 | D78: ='[1]Examens accrédités et ajouts'!Q708 -> 0 | E78: ='[1]Examens accrédités et ajouts'!L708 -> 0 | F78: ='[1]Examens accrédités et ajouts'!M708 -> 0
B79: ='[1]Examens accrédités et ajouts'!B709 -> 0 | C79: ='[1]Examens accrédités et ajouts'!F709 -> 0 | D79: ='[1]Examens accrédités et ajouts'!Q709 -> 0 | E79: ='[1]Examens accrédités et ajouts'!L709 -> 0 | F79: ='[1]Examens accrédités et ajouts'!M709 -> 0
B80: ='[1]Examens accrédités et ajouts'!B710 -> 0 | C80: ='[1]Examens accrédités et ajouts'!F710 -> 0 | D80: ='[1]Examens accrédités et ajouts'!Q710 -> 0 | E80: ='[1]Examens accrédités et ajouts'!L710 -> 0 | F80: ='[1]Examens accrédités et ajouts'!M710 -> 0
B81: ='[1]Examens accrédités et ajouts'!B711 -> 0 | C81: ='[1]Examens accrédités et ajouts'!F711 -> 0 | D81: ='[1]Examens accrédités et ajouts'!Q711 -> 0 | E81: ='[1]Examens accrédités et ajouts'!L711 -> 0 | F81: ='[1]Examens accrédités et ajouts'!M711 -> 0
B82: ='[1]Examens accrédités et ajouts'!B712 -> 0 | C82: ='[1]Examens accrédités et ajouts'!F712 -> 0 | D82: ='[1]Examens accrédités et ajouts'!Q712 -> 0 | E82: ='[1]Examens accrédités et ajouts'!L712 -> 0 | F82: ='[1]Examens accrédités et ajouts'!M712 -> 0
B83: ='[1]Examens accrédités et ajouts'!B713 -> 0 | C83: ='[1]Examens accrédités et ajouts'!F713 -> 0 | D83: ='[1]Examens accrédités et ajouts'!Q713 -> 0 | E83: ='[1]Examens accrédités et ajouts'!L713 -> 0 | F83: ='[1]Examens accrédités et ajouts'!M713 -> 0
... B156: ='[1]Examens accrédités et ajouts'!B786 -> 0 | C156: ='[1]Examens accrédités et ajouts'!F786 -> 0 | D156: ='[1]Examens accrédités et ajouts'!Q786 -> 0 | E156: ='[1]Examens accrédités et ajouts'!L786 -> 0 | F156: ='[1]Examens accrédités et ajouts'!M786 -> 0

Sheet FLEXI+ EXT 2019
A1: Site | B1: Lieu de réalisation des opérations | C1: Examen / analyse | D1: Nature de l'échantillon biologique/de la région anatomique | E1: Principe de la méthode | F1: Référence de la méthode | G1: Nature de l'évolution (ajout, changement affectant les performances de la méthode, ...) et Remarque
A2: ='Extensions demandées juin 2019'!A3 -> HOPITAL CHARLES NICOLLE CHU ROUEN | B2: ='Extensions demandées juin 2019'!B3 -> Anatomie et cytologie pathologiques | C2: ='Extensions demandées juin 2019'!E3 -> Séquençage à Haut débit et traitement bioinformatique | D2: ='Extensions demandées juin 2019'!F3 -> Acides nucléiques : ADNg ARN | E2: ='Extensions demandées juin 2019'!Q3 -> AC GS02 _ B _ Détection de variants d'intérêt théranostique ou diagnostique pour les tumeurs solides par approche amplicons, séquençage parallèle massif (MiSeq Illumina) et analyse bioinformatique interne à partir d'un logiciel fournisseur _ qualitatif _ manuelle _ 2 _ séquenceur massif parallèle : MiSeq Illumina | F2: ='Extensions demandées juin 2019'!L3 -> 41131 v1 41132 v1 | G2: ='Extensions demandées juin 2019'!M3 -> Changement de méthode
A3: ='Extensions demandées juin 2019'!A4 -> HOPITAL CHARLES NICOLLE CHU ROUEN | B3: ='Extensions demandées juin 2019'!B4 -> Biologie de la Reproduction | C3: ='Extensions demandées juin 2019'!E4 -> Recherche et identification des spermatozoïdes, volume, mobilité, concentration | D3: ='Extensions demandées juin 2019'!F4 -> Sperme Tissu testiculaire | E3: ='Extensions demandées juin 2019'!Q4 -> BM AP1 _ A _ * Sperme éjaculé frais : Les spermatozoïdes sont obtenus par centrifugation et migration sur gradient de macromolécules et lavage. La mobilité des spermatozoïdes est estimée par observation au microscope. La numération des spermatozoïdes est réalisée à partir d'un hémocytomètre (cellule de Thoma) * Spermatozoïdes congelés – décongelés : Les spermatozoïdes sont obtenus par centrifugation et migration sur gradient de macromolécules et lavage. La mobilité des spermatozoïdes est estimée par observation au microscope. La numération des spermatozoïdes est réalisée à partir d'un hémocytomètre (cellule de Thoma) * Spermatozoïdes testiculaires : Les spermatozoïdes sont obtenus par dilacération mécanique du tissu testiculaire _ Qualitatif et Quantitatif _ manuelle _ _ | F3: ='Extensions demandées juin 2019'!L4 -> 30339 v1 | G3: ='Extensions demandées juin 2019'!M4 -> nb actes hors 415 tentatives AMP comptabilisées ci-dessous
A4: ='Extensions demandées juin 2019'!A5 -> HOPITAL CHARLES NICOLLE CHU ROUEN | B4: ='Extensions demandées juin 2019'!B5 -> Biologie de la Reproduction | C4: ='Extensions demandées juin 2019'!E5 -> Identification de l'ovocyte, du zygote et de l’embryon (pronuclei, globules polaires, blastomères et fragments anucléés…) | D4: ='Extensions demandées juin 2019'!F5 -> Ovocyte, zygote, embryon | E4: ='Extensions demandées juin 2019'!Q5 -> BM AP3 _ A _ * Recueil des gamètes et mise fécondation * Culture embryonnaire * Congélation et décongélation des ovocytes et des embryons _ Qualitatif _ manuelle _ _ | F4: ='Extensions demandées juin 2019'!L5 -> 16827 v2 | G4: ='Extensions demandées juin 2019'!M5 -> 0
A5: ='Extensions demandées juin 2019'!A6 -> 0 | B5: ='Extensions demandées juin 2019'!B6 -> 0 | C5: ='Extensions demandées juin 2019'!E6 -> 0 | D5: ='Extensions demandées juin 2019'!F6 -> 0 | E5: ='Extensions demandées juin 2019'!Q6 -> 0 | F5: ='Extensions demandées juin 2019'!L6 -> 0 | G5: ='Extensions demandées juin 2019'!M6 -> 0
A6: ='Extensions demandées juin 2019'!A7 -> 0 | B6: ='Extensions demandées juin 2019'!B7 -> 0 | C6: ='Extensions demandées juin 2019'!E7 -> 0 | D6: ='Extensions demandées juin 2019'!F7 -> 0 | E6: ='Extensions demandées juin 2019'!Q7 -> 0 | F6: ='Extensions demandées juin 2019'!L7 -> 0 | G6: ='Extensions demandées juin 2019'!M7 -> 0
A7: ='Extensions demandées juin 2019'!A8 -> 0 | B7: ='Extensions demandées juin 2019'!B8 -> 0 | C7: ='Extensions demandées juin 2019'!E8 -> 0 | D7: ='Extensions demandées juin 2019'!F8 -> 0 | E7: ='Extensions demandées juin 2019'!Q8 -> 0 | F7: ='Extensions demandées juin 2019'!L8 -> 0 | G7: ='Extensions demandées juin 2019'!M8 -> 0
A8: ='Extensions demandées juin 2019'!A9 -> 0 | B8: ='Extensions demandées juin 2019'!B9 -> 0 | C8: ='Extensions demandées juin 2019'!E9 -> 0 | D8: ='Extensions demandées juin 2019'!F9 -> 0 | E8: ='Extensions demandées juin 2019'!Q9 -> 0 | F8: ='Extensions demandées juin 2019'!L9 -> 0 | G8: ='Extensions demandées juin 2019'!M9 -> 0
A9: ='Extensions demandées juin 2019'!A10 -> 0 | B9: ='Extensions demandées juin 2019'!B10 -> 0 | C9: ='Extensions demandées juin 2019'!E10 -> 0 | D9: ='Extensions demandées juin 2019'!F10 -> 0 | E9: ='Extensions demandées juin 2019'!Q10 -> 0 | F9: ='Extensions demandées juin 2019'!L10 -> 0 | G9: ='Extensions demandées juin 2019'!M10 -> 0
A10: ='Extensions demandées juin 2019'!A11 -> 0 | B10: ='Extensions demandées juin 2019'!B11 -> 0 | C10: ='Extensions demandées juin 2019'!E11 -> 0 | D10: ='Extensions demandées juin 2019'!F11 -> 0 | E10: ='Extensions demandées juin 2019'!Q11 -> 0 | F10: ='Extensions demandées juin 2019'!L11 -> 0 | G10: ='Extensions demandées juin 2019'!M11 -> 0
A11: ='Extensions demandées juin 2019'!A12 -> 0 | B11: ='Extensions demandées juin 2019'!B12 -> 0 | C11: ='Extensions demandées juin 2019'!E12 -> 0 | D11: ='Extensions demandées juin 2019'!F12 -> 0 | E11: ='Extensions demandées juin 2019'!Q12 -> 0 | F11: ='Extensions demandées juin 2019'!L12 -> 0 | G11: ='Extensions demandées juin 2019'!M12 -> 0
A12: ='Extensions demandées juin 2019'!A13 -> 0 | B12: ='Extensions demandées juin 2019'!B13 -> 0 | C12: ='Extensions demandées juin 2019'!E13 -> 0 | D12: ='Extensions demandées juin 2019'!F13 -> 0 | E12: ='Extensions demandées juin 2019'!Q13 -> 0 | F12: ='Extensions demandées juin 2019'!L13 -> 0 | G12: ='Extensions demandées juin 2019'!M13 -> 0
A13: ='Extensions demandées juin 2019'!A14 -> 0 | B13: ='Extensions demandées juin 2019'!B14 -> 0 | C13: ='Extensions demandées juin 2019'!E14 -> 0 | D13: ='Extensions demandées juin 2019'!F14 -> 0 | E13: ='Extensions demandées juin 2019'!Q14 -> 0 | F13: ='Extensions demandées juin 2019'!L14 -> 0 | G13: ='Extensions demandées juin 2019'!M14 -> 0
... A29: ='Extensions demandées juin 2019'!A30 -> 0 | B29: ='Extensions demandées juin 2019'!B30 -> 0 | C29: ='Extensions demandées juin 2019'!E30 -> 0 | D29: ='Extensions demandées juin 2019'!F30 -> 0 | E29: ='Extensions demandées juin 2019'!Q30 -> 0 | F29: ='Extensions demandées juin 2019'!L30 -> 0 | G29: ='Extensions demandées juin 2019'!M30 -> 0

Sheet FLEXI+ EXT 2021
A1: Site | B1: Lieu de réalisation des opérations | C1: Examen / analyse | D1: Nature de l'échantillon biologique/de la région anatomique | E1: Principe de la méthode | F1: Référence de la méthode | G1: Nature de l'évolution (ajout, changement affectant les performances de la méthode, ...) et Remarque
A2: Hôpital Charles Nicolle | B2: Anatomie et cytologie pathologiques | C2: Examen cytologique – Observation morphologique de constituants cellulaires | D2: Prélèvement(s) cellulaire(s) d'origine humaine, en milieu liquide : frottis cervico-utérin | E2: AC CA01 _ B _ Coloration Papanicolaou sur FCU _ Qualitatif _ Automatisée _ 2 _ Tissue-Tek Prisma Plus ThinPrep 2000 Hologic | F2: 35459 v1
A3: Hôpital Charles Nicolle | B3: Virologie | C3: VIH Sérotypage (expertise - SSEIA) | D3: sérum | E3: BM MG1 _ B _ EIA _ quantitatif _ automatisé _ 1 _ ETI-Max 3000 | F3: 35887 v1
A4: Hôpital Charles Nicolle | B4: Virologie | C4: Séquençage NGS COVID-19 | D4: Ecouvillonage nasal profond, LBA | E4: BM MG6 _ B _ Séquençage à Haut débit et Traitement bioinformatique _ qualitatif _ automatisé _ 1 _ MinIon | F4: 35598 v1 et 35804 v1
A5: Hôpital Charles Nicolle | B5: Biochimie Générale | C5: Recherche et identification d'une cryoglobuline | D5: Sang | E5: BM BB4 _ B _ Cryoprécipitation + Immunofixaton _ Qualitatif _ Semi-automatisée _ 1 _ hydrasys SEBIA | F5: 35822 v1
A6: Hôpital Charles Nicolle | B6: Immunologie | C6: ELISPOT IFN gamma | D6: sang | E6: BM IC06 _ B _ ELISPOT _ qualitatif _ manuelle _ 1 lecteur ELISPOT pour capture d'images et comptage des spots _ iSpot Spectrum Eurobio Scientific | F6: 35799 v1

Sheet FLEXI + EXT 2025
A1: Site | B1: Lieu de réalisation des opérations | C1: Examen / analyse | D1: Nature de l'échantillon biologique/de la région anatomique | E1: Principe de la méthode | F1: Référence de la méthode | G1: Nature de l'évolution (ajout, changement affectant les performances de la méthode, ...) et Remarque
A2: Hôpital Charles Nicolle | B2: Virologie | C2: Séquençage NGS de résistance VIH | D2: plasma, sang total EDTA | E2: BM MG6 _ B _ Séquençage à Haut débit et Traitement bioinformatique _ Qualitatif _ Automatisée _ 1 _ MiSeq Illumina | F2: 42326 v1 | G2: extension juin 2025
A3: Hôpital Charles Nicolle | B3: Hématologie | C3: Détermination de l'hématocrite par centrifugation | D3: Sang total EDTA | E3: BM HB03 _ A _ Détermination de l'hématocrite par centrifugation avec des tubes capillaires auto-étanchéifiables _ Quantitatif _ manuelle _ _ | F3: 31151 v1 | G3: extension juin 2025
A4: CENTRE HOSPITALIER SAINT JULIEN | B4: Virologie | C4: PCR Grippe VRS SARS-CoV-2 | D4: écouvillons naso-pharyngés en milieu de transport viral | E4: BM VB01 _ A _ Détection d'acides nucléiques avec ou sans amplification, après extraction et purification (hybridation, PCR, …) – Biologie moléculaire _ Qualitatif _ Automatisée _ 3 _ Cepheid, GeneXpert | F4: 36105 v3 | G4: extension juin 2025

Sheet INFO
B2: ONGLET : Examens accrédités et ajouts
B3: Gestion des SAINT JULIEN
C4: Mise en forme conditionnelle sur mot 'Julie' colonne A
C5: Trier sur colonne A par couleur pour mettre de coté les Saint Julien
C6: supprimer la ligne avec saint julien barrée seule
C7: Dupliquer les lignes avec Saint-Julien
C8: Remplacer des lignes dupliquée avec Saint Julien uniquement
C9: Supprimer Saint Julien des lignes originales
C10: Annuler la mise en forme conditionnelle
B12: Suppression des lignes barrées
B13: Modification des 1 en 01 (BM MG1 en BM MG01 par exemple) (idem pour les 3, 7 ...)
B16: CONCATENATION
C17: Formule -> | D17: "=CONCATENER(N15;" _ ";O15;" _ ";G15;" _ ";H15;" _ ";I15;" _ ";J15;" _ ";K15)"
C18: Etirer la formule
B24: ONGLET : FLEXI+
C25: Colonnes demandées par flexi+
C26: prendre la première ligne de l'onglet examens
C27: Copier/coller les cellules
D28: Site | E28: A
D29: Lieu de réalisation des opérations | E29: B
D30: Examen / analyse | E30: E
D31: Nature de l'échantillon biologique/de la région anatomique | E31: F
D32: Principe de la méthode | E32: Q
D33: Référence de la méthode | E33: L
D34: Nature de l'évolution (ajout, changement affectant les performances de la méthode, ...) et Remarque | E34: M
C35: Etirer les colonnes
C36: Trier par colonne 'Principe de la methode' et inserer dans Flexi+
B40: AJOUT ET MODIFICATION | D40: A réaliser dans l'onglet 'Examens et ajouts'

Sheet Feuil2

Sheet Feuil3

Sheet Feuil4

Sheet Feuil5

Sheet Feuil6

Sheet Feuil7

Sheet Feuil8

Sheet Feuil9

Sheet Feuil10

Sheet Feuil11

Sheet Feuil12
